timestamp,open,high,low,close,volume
2024-01-01T00:00:00,49994551.4511,50079699.3604,49894059.1540,49971685.6590,133455
2024-01-01T01:00:00,49929551.7460,49988608.4828,49875816.4533,49938573.8149,60785
2024-01-01T02:00:00,49921974.1886,49933618.3963,49741850.5912,49798939.8392,123613
2024-01-01T03:00:00,49727948.9051,49969898.4916,49707489.4844,49857408.0750,59102
2024-01-01T04:00:00,49879397.7663,50009552.5455,49807806.6543,49949319.8689,132688
2024-01-01T05:00:00,49909813.0180,49923948.3683,49862226.9749,49869208.6124,102666
2024-01-01T06:00:00,49876323.5319,50110126.8584,49871501.8400,50022516.3722,141022
2024-01-01T07:00:00,50058449.2071,50205161.6788,50050226.0645,50149694.0319,65928
2024-01-01T08:00:00,50180791.4332,50214415.3207,50031254.9376,50056742.4394,121889
2024-01-01T09:00:00,50045539.3031,50118302.7773,49892094.9927,49934251.2237,78280
2024-01-01T10:00:00,49927204.9478,49946336.5826,49737306.7317,49817929.1705,54828
2024-01-01T11:00:00,49781747.7488,49941222.6690,49780370.0430,49854638.9382,58819
2024-01-01T12:00:00,49838544.8611,50063794.8314,49733210.4713,49775210.9254,56417
2024-01-01T13:00:00,49794905.6106,49940259.7561,49721522.1933,49937995.6338,97402
2024-01-01T14:00:00,49904732.8189,49916058.5044,49820669.0729,49860313.6018,119454
2024-01-01T15:00:00,49827602.8031,49921921.7467,49823668.1232,49915168.2593,77734
2024-01-01T16:00:00,49905971.8157,49916960.7160,49845363.7169,49915445.4070,81637
2024-01-01T17:00:00,49942189.8360,50369432.9519,49910119.3632,50262114.4065,120455
2024-01-01T18:00:00,50299613.1271,50343271.5160,50149746.3628,50212157.2726,142162
2024-01-01T19:00:00,50268942.4655,50372376.7055,50233548.3880,50353859.1595,146674
2024-01-01T20:00:00,50352973.6779,50397144.1417,50280757.4669,50389164.5335,52779
2024-01-01T21:00:00,50361684.8125,50412114.5313,50227549.2300,50315443.5291,111836
2024-01-01T22:00:00,50374987.1163,50464772.6035,50239401.7008,50347458.3262,134994
2024-01-01T23:00:00,50336125.0672,50444588.7899,50308722.3061,50365099.5729,146941
2024-01-02T00:00:00,50342689.4554,50417776.3754,50192887.1240,50237969.6459,53700
2024-01-02T01:00:00,50243527.4044,50312318.2950,50100981.2506,50296785.9103,109426
2024-01-02T02:00:00,50338987.6556,50511315.9132,50254598.7684,50467758.1465,117639
2024-01-02T03:00:00,50484887.2570,50490943.2180,50432083.8734,50485351.2549,57653
2024-01-02T04:00:00,50525191.2473,50579510.6963,50450768.2766,50493519.4622,59874
2024-01-02T05:00:00,50521383.6055,50621012.6144,50519122.9844,50520715.3323,83057
2024-01-02T06:00:00,50489486.5675,50557447.3771,50309686.0506,50344089.4804,145018
2024-01-02T07:00:00,50347326.9780,50472845.7451,50328819.6544,50463239.3061,131983
2024-01-02T08:00:00,50486782.3330,50526693.4437,50166197.0247,50234970.7162,96011
2024-01-02T09:00:00,50193231.1597,50227507.2477,50174805.4932,50179859.1259,99455
2024-01-02T10:00:00,50158367.9064,50265765.7718,50068187.4087,50211431.4424,108494
2024-01-02T11:00:00,50202777.3592,50237965.5457,50137149.2272,50141681.1321,65187
2024-01-02T12:00:00,50170508.5562,50371629.9617,50106457.2994,50326379.8331,128008
2024-01-02T13:00:00,50358514.9746,50500356.6205,50301887.2865,50453093.1426,74889
2024-01-02T14:00:00,50451477.6968,50792160.4261,50437927.2463,50748768.7091,99017
2024-01-02T15:00:00,50737144.8033,51068933.5824,50666980.9087,50974791.6110,109449
2024-01-02T16:00:00,50950496.5778,50969337.0938,50828405.1448,50839733.4622,129035
2024-01-02T17:00:00,50823357.6222,50973386.7993,50788860.5990,50791715.6192,115354
2024-01-02T18:00:00,50756257.8546,50820976.9211,50703270.3040,50733351.7220,93287
2024-01-02T19:00:00,50715343.4056,50788474.5768,50557665.6734,50650560.8014,74850
2024-01-02T20:00:00,50655547.2450,50898362.3867,50622997.5206,50809570.5530,64144
2024-01-02T21:00:00,50839217.6685,50986599.8054,50822622.4801,50945941.7733,61330
2024-01-02T22:00:00,50987786.4681,51048427.9128,50756414.2008,50821535.2059,53965
2024-01-02T23:00:00,50812561.7694,51134271.1053,50794403.4398,51064598.5675,129626
2024-01-03T00:00:00,51063443.4093,51261223.1596,50996151.1157,51202183.9506,65319
2024-01-03T01:00:00,51205381.4575,51233845.2810,51136264.5060,51181465.9836,70072
2024-01-03T02:00:00,51153983.9916,51227948.1967,51042341.2751,51210970.5000,127180
2024-01-03T03:00:00,51225716.6170,51285517.3672,51088164.7140,51178403.4753,133748
2024-01-03T04:00:00,51120983.7076,51353120.6216,51021410.3748,51271240.8133,117122
2024-01-03T05:00:00,51334332.3938,51479969.1267,51257878.6577,51468555.3920,145760
2024-01-03T06:00:00,51510408.8735,51518918.7024,51292366.9631,51390001.6545,61632
2024-01-03T07:00:00,51387016.2088,51443526.1043,51385445.9339,51405522.9034,120277
2024-01-03T08:00:00,51423474.5123,51470493.7904,51387710.1630,51406697.6566,147647
2024-01-03T09:00:00,51387673.5002,51459334.3385,51334042.1561,51415749.2177,101771
2024-01-03T10:00:00,51398602.6387,51508278.8265,51341758.0690,51446833.4540,62884
2024-01-03T11:00:00,51416536.0378,51554623.6910,51381713.2371,51545656.2806,87859
2024-01-03T12:00:00,51562933.0121,51746988.4490,51542455.9434,51648516.3629,56828
2024-01-03T13:00:00,51676388.7300,51789181.9025,51629887.0354,51689872.7169,72163
2024-01-03T14:00:00,51683618.0009,51949247.6467,51587559.6239,51814892.2724,65640
2024-01-03T15:00:00,51854840.2400,51878474.4824,51845831.4128,51850547.3488,121441
2024-01-03T16:00:00,51903559.3770,52056749.1005,51789712.0982,52041635.9522,125276
2024-01-03T17:00:00,52024120.6814,52189436.3251,51995154.6819,52125812.3078,90794
2024-01-03T18:00:00,52154358.8568,52236169.0906,52070912.2512,52175377.8127,94576
2024-01-03T19:00:00,52173698.9785,52358402.4685,52148535.5474,52330254.1667,131701
2024-01-03T20:00:00,52296540.4186,52389162.3274,52285081.2858,52350929.8622,62051
2024-01-03T21:00:00,52392920.3088,52464709.4431,52305130.5130,52431590.1988,81988
2024-01-03T22:00:00,52445205.5145,52506058.8861,52125116.5160,52187830.3350,66695
2024-01-03T23:00:00,52167018.9171,52277675.0234,52096533.4980,52133745.6113,137086
2024-01-04T00:00:00,52093031.1869,52272618.8266,52073323.0182,52214086.4975,58428
2024-01-04T01:00:00,52230769.0992,52324885.3196,52205575.8235,52279239.9397,68780
2024-01-04T02:00:00,52271310.0519,52415446.7061,52158251.4633,52407738.5642,129450
2024-01-04T03:00:00,52399164.8698,52461903.9571,52301484.9334,52410598.3965,61398
2024-01-04T04:00:00,52412552.5357,52626122.2467,52218240.8448,52577207.0693,112978
2024-01-04T05:00:00,52555736.3831,52618725.9698,52492621.8163,52541044.6899,127369
2024-01-04T06:00:00,52523404.1245,52698323.2035,52460524.5826,52661547.0773,82021
2024-01-04T07:00:00,52663154.7375,52981001.3343,52574753.6847,52851915.1492,144519
2024-01-04T08:00:00,52804431.7809,53114666.9875,52767973.2238,53081070.4252,71146
2024-01-04T09:00:00,53063607.9624,53072367.9755,52990641.9912,53021602.0299,119528
2024-01-04T10:00:00,52997607.2217,53091893.1549,52832884.6362,52920436.1339,145731
2024-01-04T11:00:00,52932590.5745,53277789.6301,52864122.2355,53203948.1841,64592
2024-01-04T12:00:00,53234053.2046,53298354.8052,53190419.8924,53234774.5546,82625
2024-01-04T13:00:00,53228064.5910,53283592.0020,52959485.8394,53075961.7237,128649
2024-01-04T14:00:00,53050143.1453,53288466.8081,53049074.2330,53188686.5457,111061
2024-01-04T15:00:00,53164141.8721,53227130.1652,53126416.5699,53130127.7946,128970
2024-01-04T16:00:00,53176376.2355,53207131.4742,53111816.5795,53150959.9243,147628
2024-01-04T17:00:00,53208681.2939,53269392.8744,53105616.1292,53158264.4430,124166
2024-01-04T18:00:00,53149226.2609,53353450.8525,53105111.5459,53175597.3483,87701
2024-01-04T19:00:00,53167950.4322,53200274.8264,53082225.4261,53135048.4667,147306
2024-01-04T20:00:00,53086812.3855,53114241.1508,53033228.7210,53084227.3206,128820
2024-01-04T21:00:00,53039681.0007,53082719.6605,53019248.7255,53060321.1377,85631
2024-01-04T22:00:00,53096493.5116,53125501.7356,52921188.9087,53005508.8525,122941
2024-01-04T23:00:00,53018885.8768,53082955.1872,52916542.7111,53073293.6075,81039
2024-01-05T00:00:00,53011608.8753,53154867.1436,52983185.0315,53116481.2741,148745
2024-01-05T01:00:00,53146227.2038,53203637.1621,53141646.1337,53165059.1735,92879
2024-01-05T02:00:00,53172979.3718,53373440.1824,53079619.8718,53297836.2491,91907
2024-01-05T03:00:00,53311953.1140,53426825.2875,53113291.9174,53331245.3733,61828
2024-01-05T04:00:00,53337994.3058,53508499.5035,53210227.1941,53502812.1880,102010
2024-01-05T05:00:00,53531320.7757,53637445.4954,53483762.1990,53560851.9974,70711
2024-01-05T06:00:00,53566601.6325,53625947.9774,53425449.1111,53461767.0215,142771
2024-01-05T07:00:00,53508742.5378,53713589.6600,53367897.0503,53630864.2400,53071
2024-01-05T08:00:00,53639111.4956,53846658.1161,53566504.8555,53781644.7938,97793
2024-01-05T09:00:00,53758296.1166,53811548.2151,53611832.2231,53661588.2751,91343
2024-01-05T10:00:00,53684398.3931,53949267.1710,53639213.4028,53892316.5203,60077
2024-01-05T11:00:00,53845443.7067,53923684.3248,53774379.3886,53875017.8979,120322
2024-01-05T12:00:00,53893074.1299,54103675.9493,53878721.9846,54024379.4951,86528
2024-01-05T13:00:00,54014860.3402,54158817.3773,53987909.3255,54036728.1521,68791
2024-01-05T14:00:00,54061183.4691,54086964.1907,53870709.4812,53948840.3994,145026
2024-01-05T15:00:00,53994818.9131,54203573.8309,53894164.8551,54201180.8589,149410
2024-01-05T16:00:00,54204103.8093,54230758.9914,54104953.3569,54227586.1219,108920
2024-01-05T17:00:00,54190935.0651,54196289.6418,54117641.3443,54148938.1097,69871
2024-01-05T18:00:00,54142390.1345,54384774.9356,54121537.9340,54318970.6263,84374
2024-01-05T19:00:00,54307603.5010,54351842.7726,54110747.5993,54289167.6910,120277
2024-01-05T20:00:00,54301989.0638,54474441.8029,54231596.3051,54452169.3581,135471
2024-01-05T21:00:00,54453868.1858,54549462.5744,54323178.9054,54454811.8107,91192
2024-01-05T22:00:00,54445439.1988,54597061.2595,54307211.4368,54544603.1489,83049
2024-01-05T23:00:00,54545211.4015,54712548.7415,54539647.9526,54704890.8000,50021
2024-01-06T00:00:00,54702248.9011,54705592.8871,54617983.8793,54674515.0399,94667
2024-01-06T01:00:00,54659001.1505,54826312.5856,54589255.1948,54807727.5718,137893
2024-01-06T02:00:00,54810192.1524,54849365.5710,54544934.4654,54584369.7209,112613
2024-01-06T03:00:00,54572292.3735,54695773.9783,54541977.9248,54654084.6351,145021
2024-01-06T04:00:00,54645962.3816,54673714.8090,54638282.9074,54668461.4996,126433
2024-01-06T05:00:00,54680442.7916,54877198.1326,54656876.0040,54818323.1755,142584
2024-01-06T06:00:00,54801786.6669,54819392.5098,54787050.9802,54794481.9853,110093
2024-01-06T07:00:00,54766780.1198,54877037.0608,54725009.3019,54855267.4955,135630
2024-01-06T08:00:00,54830061.8262,54843172.5103,54657211.7105,54700099.2021,93851
2024-01-06T09:00:00,54739560.8476,54865620.5420,54712458.5046,54861336.5767,64423
2024-01-06T10:00:00,54849723.0484,54959970.9561,54784043.1293,54922964.9930,106588
2024-01-06T11:00:00,54941120.9693,54953052.8209,54791450.7093,54877595.8110,104541
2024-01-06T12:00:00,54866598.2482,54910585.9224,54791262.9730,54878560.6093,78723
2024-01-06T13:00:00,54893551.9221,54918590.0136,54727889.6226,54819638.7116,59345
2024-01-06T14:00:00,54835698.6503,54937252.6925,54835627.6258,54874509.6775,133986
2024-01-06T15:00:00,54917850.1484,54952819.8272,54703494.3643,54752933.0202,66915
2024-01-06T16:00:00,54767774.9153,54877248.1560,54745201.5257,54865182.6685,99041
2024-01-06T17:00:00,54816335.3134,54832803.2701,54568978.2018,54689960.7019,66025
2024-01-06T18:00:00,54673522.7499,54713686.9989,54646154.1431,54689632.3776,84643
2024-01-06T19:00:00,54737818.7886,54877505.3380,54712324.3661,54852111.6380,117812
2024-01-06T20:00:00,54890249.7039,55117896.1851,54873507.2569,55096128.9053,69908
2024-01-06T21:00:00,55114458.2964,55141859.9208,54961670.7225,54985148.8990,142946
2024-01-06T22:00:00,55034648.7824,55065126.3867,54968474.1244,54978769.9137,88533
2024-01-06T23:00:00,54986830.5838,55072516.6617,54615929.3590,54768792.8426,65465
2024-01-07T00:00:00,54736693.1079,54869442.1557,54638875.6599,54833841.9163,139206
2024-01-07T01:00:00,54798400.7928,55028516.2398,54680998.4067,55000219.4935,108589
2024-01-07T02:00:00,55043326.4274,55240920.3330,55010474.0540,55180877.0764,100880
2024-01-07T03:00:00,55195776.8231,55204806.0613,55019287.4898,55024954.8040,146051
2024-01-07T04:00:00,55048798.4913,55080913.5728,54911298.7948,54980127.3686,100462
2024-01-07T05:00:00,54906774.5703,54930621.2693,54818999.3142,54878127.0528,60757
2024-01-07T06:00:00,54874459.2082,54961463.8546,54714213.8761,54715123.8817,91590
2024-01-07T07:00:00,54708062.1339,54759228.7052,54395033.9236,54439574.0351,69538
2024-01-07T08:00:00,54443263.7169,54541960.8941,54319279.6755,54507478.1037,108965
2024-01-07T09:00:00,54521952.4479,54663139.0288,54452503.9918,54551020.2815,139840
2024-01-07T10:00:00,54567069.7630,54581076.2467,54379434.5532,54439611.9963,131497
2024-01-07T11:00:00,54438633.7487,54527792.5511,54419900.0325,54495246.2547,79693
2024-01-07T12:00:00,54505043.7636,54638023.9426,54443848.1682,54569566.5367,137993
2024-01-07T13:00:00,54632736.5231,54689708.8271,54614225.8788,54680745.3778,71858
2024-01-07T14:00:00,54644876.5213,54684302.4221,54607501.9559,54667804.5580,100178
2024-01-07T15:00:00,54695082.9086,54805271.3951,54501386.2688,54521384.8340,83149
2024-01-07T16:00:00,54535793.5993,54576875.3471,54352402.7730,54449653.8071,93682
2024-01-07T17:00:00,54469856.9972,54533361.1091,54334676.6199,54379709.8815,88822
2024-01-07T18:00:00,54365875.7120,54573704.9686,54334289.6565,54541921.2033,59683
2024-01-07T19:00:00,54539480.0603,54675144.6717,54537527.3507,54596657.1106,79345
2024-01-07T20:00:00,54621702.7436,54833035.4420,54557484.3721,54790076.8373,112032
2024-01-07T21:00:00,54811547.9342,54856279.3549,54767488.6016,54824644.6767,61692
2024-01-07T22:00:00,54823630.5736,54980754.0308,54763195.4478,54946782.0948,75991
2024-01-07T23:00:00,54959769.5613,55002678.0756,54904769.5942,54985152.5978,131383
2024-01-08T00:00:00,55014168.1137,55034140.5062,54772991.5014,54818919.1868,95903
2024-01-08T01:00:00,54811442.1372,54868055.6917,54708052.6943,54728208.4711,79984
2024-01-08T02:00:00,54700946.4911,54800111.0698,54621272.0444,54641393.4859,70710
2024-01-08T03:00:00,54650463.8185,54672950.4782,54558459.5333,54591979.0823,114420
2024-01-08T04:00:00,54613559.6012,54638232.2923,54343898.1352,54537926.7053,105990
2024-01-08T05:00:00,54570369.2089,54577328.3036,54499927.8729,54516838.4141,67837
2024-01-08T06:00:00,54504327.2365,54874526.5770,54433274.4751,54823100.5275,116279
2024-01-08T07:00:00,54832470.4727,54834602.1672,54676848.8947,54700443.1271,68119
2024-01-08T08:00:00,54616203.3688,54624053.6885,54430877.5914,54454001.5654,133957
2024-01-08T09:00:00,54441431.7715,54498251.2918,54423489.4449,54444600.7495,106146
2024-01-08T10:00:00,54454952.3147,54624583.1780,54377810.7369,54549712.5054,124006
2024-01-08T11:00:00,54597853.0895,54615552.8213,54450876.8231,54467860.0818,50944
2024-01-08T12:00:00,54450749.7676,54569485.4835,54444617.4511,54493637.9385,70421
2024-01-08T13:00:00,54490511.7536,54573198.3786,54324499.1607,54326310.5880,91161
2024-01-08T14:00:00,54312884.1049,54335701.4299,54099184.9749,54134543.4923,96400
2024-01-08T15:00:00,54214834.2831,54458740.8856,54177575.4897,54342849.4359,75299
2024-01-08T16:00:00,54334464.1397,54421486.1833,54291212.4693,54411569.8855,123801
2024-01-08T17:00:00,54448958.8044,54722076.2371,54420386.6428,54672713.7426,125322
2024-01-08T18:00:00,54659983.8189,54714636.8958,54607785.3026,54685441.3856,96470
2024-01-08T19:00:00,54656823.7293,54696273.9794,54532590.8482,54548981.2024,130472
2024-01-08T20:00:00,54605997.8700,54714609.1147,54534870.1666,54660409.6641,136301
2024-01-08T21:00:00,54666268.0616,54759106.9252,54633349.5820,54702779.7345,90463
2024-01-08T22:00:00,54736600.4275,54736773.9729,54619879.8502,54716577.5604,61748
2024-01-08T23:00:00,54784538.6162,54822526.0095,54610628.9067,54673704.4423,109050
2024-01-09T00:00:00,54667813.3762,54717120.0156,54472330.5145,54559983.0775,51937
2024-01-09T01:00:00,54550618.1254,54658559.2413,54357438.4453,54471550.6514,95615
2024-01-09T02:00:00,54476187.2865,54699372.8949,54446590.9366,54626671.4897,58531
2024-01-09T03:00:00,54582134.1156,54820150.1969,54503773.3725,54808161.3655,137993
2024-01-09T04:00:00,54800470.1953,55005546.1279,54762652.6323,54872976.7242,94886
2024-01-09T05:00:00,54844336.7181,54881035.6712,54732630.1901,54776463.5563,75101
2024-01-09T06:00:00,54816570.0971,54817991.7487,54678431.3207,54690452.7238,62251
2024-01-09T07:00:00,54703117.0609,54734510.9423,54489018.7282,54550730.1620,85992
2024-01-09T08:00:00,54558612.7540,54622150.2447,54503171.6542,54591192.6102,114144
2024-01-09T09:00:00,54629422.7124,54743749.4910,54585363.6149,54703141.4775,111073
2024-01-09T10:00:00,54695252.4268,54996048.8529,54581956.5088,54808865.1844,87847
2024-01-09T11:00:00,54768068.1119,54788678.3984,54656617.4410,54699515.0590,95576
2024-01-09T12:00:00,54684635.7599,54756768.0453,54566067.6255,54728664.0432,120134
2024-01-09T13:00:00,54699904.0940,54751525.4139,54466335.3415,54572148.1617,76745
2024-01-09T14:00:00,54593680.1169,54607598.5767,54182895.8887,54247622.7163,87559
2024-01-09T15:00:00,54237217.6017,54477425.8876,54221832.7177,54416320.1407,149592
2024-01-09T16:00:00,54458978.0981,54488573.2138,54413747.3057,54473589.3683,53260
2024-01-09T17:00:00,54455405.4945,54496592.3241,54399134.3084,54478611.1473,110106
2024-01-09T18:00:00,54500780.3764,54513969.2155,54403293.4697,54435961.0108,139183
2024-01-09T19:00:00,54453838.6814,54475230.7372,54320110.6471,54406355.8590,86075
2024-01-09T20:00:00,54385293.0742,54626991.7429,54342757.2491,54588804.3919,106850
2024-01-09T21:00:00,54616749.3726,54634798.7108,54358444.6362,54490531.9603,81758
2024-01-09T22:00:00,54474659.0669,54647745.1784,54390217.6594,54505993.9426,51716
2024-01-09T23:00:00,54509122.5595,54543821.1204,54417311.8625,54440073.6776,56801
2024-01-10T00:00:00,54464705.8228,54483002.0581,54334530.4816,54427270.6604,53797
2024-01-10T01:00:00,54455851.5036,54596273.2813,54365861.3333,54451808.0836,92953
2024-01-10T02:00:00,54491748.0827,54599048.7145,54446481.6497,54540191.5067,129127
2024-01-10T03:00:00,54509070.7790,54551814.0530,54246835.2083,54260439.3732,144800
2024-01-10T04:00:00,54245953.0797,54269191.3687,53990699.7489,54021019.9448,71306
2024-01-10T05:00:00,54021285.0034,54049657.9048,53992540.7231,54000366.9746,60275
2024-01-10T06:00:00,53977256.3112,54022215.7964,53659219.7883,53709574.1213,65215
2024-01-10T07:00:00,53707501.4678,53710435.7681,53527803.7373,53627630.0960,53747
2024-01-10T08:00:00,53629942.7596,53632995.4483,53595415.4342,53607613.1847,78290
2024-01-10T09:00:00,53567040.9739,53904241.0363,53390101.9642,53898556.8984,97596
2024-01-10T10:00:00,53852735.5905,54067211.9030,53806013.2993,53906586.8372,124033
2024-01-10T11:00:00,53922602.1949,53968183.1726,53668389.2568,53752534.0588,54806
2024-01-10T12:00:00,53669420.7986,53853197.7062,53655599.9553,53847224.8078,117040
2024-01-10T13:00:00,53831457.7766,53981454.6141,53658009.4489,53750327.4779,60164
2024-01-10T14:00:00,53740408.9302,53741622.8924,53585616.4451,53634408.9111,80124
2024-01-10T15:00:00,53696384.8495,53715478.5978,53512206.6943,53587514.3726,62417
2024-01-10T16:00:00,53570403.4896,53616544.2603,53506971.9028,53515315.2094,56145
2024-01-10T17:00:00,53526232.1710,53561240.8718,53523397.9361,53541225.0068,72309
2024-01-10T18:00:00,53553392.9527,53768301.1533,53509372.1976,53588482.6191,64294
2024-01-10T19:00:00,53610572.4640,53898668.9432,53550542.1830,53838441.1143,62871
2024-01-10T20:00:00,53874135.3815,54117673.2406,53835927.8100,54015073.3095,135099
2024-01-10T21:00:00,54055520.1714,54124872.6374,53966411.1520,54108020.2473,84635
2024-01-10T22:00:00,54114640.3800,54254892.6064,54111729.9288,54225085.7719,123270
2024-01-10T23:00:00,54195726.9129,54219706.5754,54165501.2111,54167079.0549,109080
2024-01-11T00:00:00,54146906.0385,54184828.5394,53971543.2925,54029361.3983,131978
2024-01-11T01:00:00,54100583.6111,54514599.2326,54079657.2884,54474205.7335,55309
2024-01-11T02:00:00,54453667.2910,54465604.3164,54252131.4568,54396179.5296,57951
2024-01-11T03:00:00,54384326.7966,54456221.2117,54256479.5632,54319213.0712,101796
2024-01-11T04:00:00,54314605.6481,54477022.3457,54177073.7020,54186868.3843,128437
2024-01-11T05:00:00,54227847.9670,54242197.2936,54002919.8841,54059491.9602,113191
2024-01-11T06:00:00,54080730.7054,54356964.3391,54078591.5738,54236704.0325,121097
2024-01-11T07:00:00,54288945.0634,54370900.9156,53922879.9164,53929215.2693,53687
2024-01-11T08:00:00,53967963.5783,54081626.9391,53933793.7414,53955219.0170,67296
2024-01-11T09:00:00,53895662.1617,53955661.8941,53727547.5945,53775854.5097,120136
2024-01-11T10:00:00,53830499.1518,53965394.4927,53824348.7340,53943582.7392,79312
2024-01-11T11:00:00,53950509.3735,54037349.0086,53882911.3408,53957145.6817,93953
2024-01-11T12:00:00,53941726.6393,54086828.3772,53818174.7681,53981634.0249,105870
2024-01-11T13:00:00,53971641.2055,54194172.1909,53970104.2762,54081652.3916,113133
2024-01-11T14:00:00,54128649.6668,54150150.3618,53796359.5603,53880772.8970,119829
2024-01-11T15:00:00,53900796.4383,54155401.3713,53815630.1897,54108429.4312,68803
2024-01-11T16:00:00,54093547.1130,54095019.3618,53859699.6068,53967232.0912,144179
2024-01-11T17:00:00,53966389.6641,54074296.7520,53828266.3915,53886217.7194,128593
2024-01-11T18:00:00,53854257.4368,53984201.1825,53758176.1101,53914600.4184,104943
2024-01-11T19:00:00,53858455.4097,54115601.1200,53787295.2880,54042605.5892,62167
2024-01-11T20:00:00,54043374.5128,54078705.9790,53970928.2769,54060407.8640,104374
2024-01-11T21:00:00,54026913.2380,54030859.7900,53831798.2809,53912139.6503,106391
2024-01-11T22:00:00,53903697.2107,54018681.8122,53782758.1658,53987452.3398,111838
2024-01-11T23:00:00,53987503.3998,54149908.6534,53891232.6843,54066076.7112,86288
2024-01-12T00:00:00,54115391.2930,54345437.3007,54011260.9966,54314069.4535,90027
2024-01-12T01:00:00,54355522.9999,54644736.1835,54348979.9793,54452140.5646,61633
2024-01-12T02:00:00,54511693.2474,54558080.2418,54312008.5400,54408912.2734,141737
2024-01-12T03:00:00,54359693.0561,54402866.1807,54156940.5431,54229424.4433,73141
2024-01-12T04:00:00,54241566.8416,54319779.1134,53945572.1184,54055374.1350,132738
2024-01-12T05:00:00,54092522.4852,54133044.2849,54004108.9910,54005922.1368,120833
2024-01-12T06:00:00,53995050.9056,54066367.6454,53704841.4533,53766253.8982,149447
2024-01-12T07:00:00,53732207.6283,53799305.2343,53306167.0278,53357986.7626,106830
2024-01-12T08:00:00,53323217.2047,53359715.5589,53195779.3734,53272916.4232,81152
2024-01-12T09:00:00,53263778.6434,53341334.4060,53107334.3265,53183681.8799,52199
2024-01-12T10:00:00,53214269.1642,53314627.6896,53100875.9457,53110163.0912,91456
2024-01-12T11:00:00,53097525.8009,53168793.2647,52964714.8742,53071956.1146,69817
2024-01-12T12:00:00,53072384.1349,53433659.4276,53016916.7194,53329371.2250,142885
2024-01-12T13:00:00,53292357.7671,53296912.2403,53226609.7948,53291860.0152,53880
2024-01-12T14:00:00,53297983.0896,53485614.8741,53167996.9957,53429893.2016,72868
2024-01-12T15:00:00,53453221.8457,53595416.8311,53352625.7740,53545376.0790,114072
2024-01-12T16:00:00,53535379.4944,53743938.3183,53405652.1976,53736350.7769,131471
2024-01-12T17:00:00,53720937.8613,53773065.1162,53669693.0473,53759059.5615,78565
2024-01-12T18:00:00,53777563.3529,53880527.5519,53748638.3850,53869699.8637,78226
2024-01-12T19:00:00,53876712.4770,53934190.2344,53875811.4462,53883838.6303,121087
2024-01-12T20:00:00,53868560.7664,54056117.6838,53831940.5424,53973334.6050,60229
2024-01-12T21:00:00,54025001.9183,54132241.6173,53864397.8364,53886214.2215,141883
2024-01-12T22:00:00,53907173.2850,54077016.8506,53773313.5111,53996870.4705,140882
2024-01-12T23:00:00,53961098.4337,54011403.5779,53860340.3439,53885354.0158,53448
2024-01-13T00:00:00,53943166.5549,53954309.3411,53851277.7684,53904643.5811,102579
2024-01-13T01:00:00,53891852.7435,54016572.9127,53838017.8076,53981876.7752,64297
2024-01-13T02:00:00,53939891.4320,54087247.7189,53882452.1296,54085474.5128,82565
2024-01-13T03:00:00,54066894.2199,54141557.8529,53903796.5893,53946272.3203,76278
2024-01-13T04:00:00,53899922.8160,53984371.8036,53878018.1436,53979623.3972,136059
2024-01-13T05:00:00,54039377.6801,54217832.5405,54007027.0993,54143323.4618,89141
2024-01-13T06:00:00,54131449.1457,54154238.8367,53903568.5468,53904613.1635,87806
2024-01-13T07:00:00,53935494.7051,53964614.8601,53826682.1894,53871968.7775,146423
2024-01-13T08:00:00,53861967.6925,53891550.0969,53442019.7991,53596299.5829,62126
2024-01-13T09:00:00,53551645.0840,53588341.8726,53481218.6958,53487971.9173,132154
2024-01-13T10:00:00,53504068.1509,53530634.9419,53253503.1059,53276797.1611,123885
2024-01-13T11:00:00,53251918.5965,53396963.6055,53249611.2670,53307874.2908,86843
2024-01-13T12:00:00,53304832.2536,53458365.6514,53243500.2232,53450849.2975,147840
2024-01-13T13:00:00,53430807.9700,53496071.2122,53307876.4678,53360284.5922,70026
2024-01-13T14:00:00,53384204.0323,53429356.7918,53330944.7689,53406876.3872,101535
2024-01-13T15:00:00,53403601.1047,53538414.6792,53323852.7666,53476558.4448,107350
2024-01-13T16:00:00,53460421.3468,53484608.9443,53345591.5138,53397635.8175,146265
2024-01-13T17:00:00,53430561.6044,53622807.3051,53361356.9362,53577764.1297,77909
2024-01-13T18:00:00,53581371.3039,53586346.5870,53408935.6685,53458022.6254,60753
2024-01-13T19:00:00,53458351.6503,53469114.9744,53394151.4490,53417389.4756,128707
2024-01-13T20:00:00,53392564.8633,53404520.9930,53228404.7146,53243175.8888,120160
2024-01-13T21:00:00,53278588.5399,53451033.7159,53269399.0753,53416691.8681,124712
2024-01-13T22:00:00,53441351.0287,53635765.4588,53437440.0591,53591791.2472,71944
2024-01-13T23:00:00,53580755.1560,53630605.5839,53536039.2203,53552288.9600,109629
2024-01-14T00:00:00,53569010.3413,53596350.1953,53555625.1844,53557975.8581,126340
2024-01-14T01:00:00,53536420.6134,53609918.4072,53456384.2144,53599767.1312,102601
2024-01-14T02:00:00,53600706.6906,53707198.7409,53546431.3862,53677566.4462,65515
2024-01-14T03:00:00,53656544.1164,53663388.0465,53598674.2914,53656961.0719,128637
2024-01-14T04:00:00,53649594.3920,53745606.1928,53638234.0715,53729244.4487,132841
2024-01-14T05:00:00,53724241.4604,53767432.6802,53722897.7924,53740658.8141,90873
2024-01-14T06:00:00,53719577.7546,53769095.9486,53694651.3482,53760600.3497,118968
2024-01-14T07:00:00,53734148.7841,53775879.2298,53663052.8960,53670863.7541,109533
2024-01-14T08:00:00,53649537.4197,53671542.7328,53611064.1247,53644259.3082,103806
2024-01-14T09:00:00,53646017.7794,53805325.2863,53637330.8809,53794837.5910,86076
2024-01-14T10:00:00,53759021.3431,53812093.1221,53697844.9430,53781658.1304,57519
2024-01-14T11:00:00,53786911.2565,53963992.9523,53701079.6488,53911118.2571,122649
2024-01-14T12:00:00,53918676.0799,53974069.3994,53847506.3823,53972330.6171,109334
2024-01-14T13:00:00,53962409.7690,54014294.6445,53857686.5765,53910594.5616,99723
2024-01-14T14:00:00,53934741.3947,53983589.1597,53894324.5148,53906633.5181,136243
2024-01-14T15:00:00,53878750.2098,53908675.5566,53862832.1852,53896874.9824,66630
2024-01-14T16:00:00,53879682.5485,53903146.6804,53803772.4851,53824758.4290,139178
2024-01-14T17:00:00,53801227.4817,53838333.2725,53685134.1989,53706866.7283,107223
2024-01-14T18:00:00,53704657.7199,53715042.3631,53637005.2268,53686621.5726,51070
2024-01-14T19:00:00,53693650.2369,53884037.5721,53675905.7168,53844200.6343,59777
2024-01-14T20:00:00,53865630.1663,53894161.1305,53858865.9370,53865561.9692,110110
2024-01-14T21:00:00,53855448.9221,53893161.1876,53834264.1716,53858404.5644,148377
2024-01-14T22:00:00,53877872.1888,54019551.0058,53855863.0550,53966638.1500,60075
2024-01-14T23:00:00,53947983.8379,54049498.1501,53691658.2705,53719687.2869,108926
2024-01-15T00:00:00,53742657.9504,53843552.2398,53519212.3738,53537193.2877,143771
2024-01-15T01:00:00,53517199.9368,53587061.1349,53499462.1770,53553724.3207,149783
2024-01-15T02:00:00,53574733.5521,53647828.7863,53440971.1087,53525943.9329,103167
2024-01-15T03:00:00,53507162.0558,53712769.7548,53446422.2593,53636001.6465,109373
2024-01-15T04:00:00,53604434.5928,53636371.5866,53529475.6108,53547994.2448,130257
2024-01-15T05:00:00,53549228.3011,53639629.9554,53539597.4507,53591785.5702,129182
2024-01-15T06:00:00,53614983.7705,53736219.8477,53582095.2862,53702977.3095,59134
2024-01-15T07:00:00,53706003.4789,53930023.9351,53605341.4491,53887334.3371,128568
2024-01-15T08:00:00,53917610.1411,53981629.3091,53891689.3666,53932879.2150,97916
2024-01-15T09:00:00,53918520.4121,54194319.2980,53893637.8053,54123933.5815,103769
2024-01-15T10:00:00,54099705.5905,54152256.4214,54027752.8131,54143203.9248,107151
2024-01-15T11:00:00,54174524.2878,54183187.6346,54128051.2085,54171358.1707,138198
2024-01-15T12:00:00,54210919.0650,54223178.8211,54071318.1612,54146588.6787,58058
2024-01-15T13:00:00,54138867.3779,54319253.5007,54061967.9490,54287326.6663,121045
2024-01-15T14:00:00,54298540.7613,54348272.0455,54176642.3180,54220737.0597,78005
2024-01-15T15:00:00,54258845.0273,54300705.4122,54127810.1174,54195895.5333,137704
2024-01-15T16:00:00,54221466.8136,54370632.7671,54143316.4074,54332007.9397,134766
2024-01-15T17:00:00,54303746.7384,54371796.7829,54292592.6071,54306624.1048,66836
2024-01-15T18:00:00,54247381.0241,54277982.3258,54230383.9529,54255609.8529,142709
2024-01-15T19:00:00,54279845.1953,54308443.8266,54248774.8131,54276307.8239,104189
2024-01-15T20:00:00,54238330.3614,54327901.1078,54202145.0643,54309421.3293,105380
2024-01-15T21:00:00,54323978.9580,54332794.4103,54312316.1876,54315900.8106,87473
2024-01-15T22:00:00,54301205.7798,54341209.4490,54273861.1952,54316930.6738,114496
2024-01-15T23:00:00,54326007.4336,54336554.7767,54184823.2432,54207051.5546,65260
2024-01-16T00:00:00,54197302.8569,54204893.3556,54102945.7507,54147951.1292,87883
2024-01-16T01:00:00,54132622.5886,54279600.1518,54113954.5395,54263075.6031,91430
2024-01-16T02:00:00,54287603.2312,54405623.1307,54252489.2819,54370403.2283,90633
2024-01-16T03:00:00,54374617.6136,54452965.0290,54094750.8449,54185752.1463,75733
2024-01-16T04:00:00,54178397.2416,54246319.4169,54162204.9384,54221016.6314,73971
2024-01-16T05:00:00,54260162.0610,54396280.2117,54236936.7238,54375199.1787,80120
2024-01-16T06:00:00,54360102.3969,54503799.0615,54230237.4646,54406872.0305,134590
2024-01-16T07:00:00,54434854.4286,54470480.5718,54361433.9985,54377234.7556,70612
2024-01-16T08:00:00,54406019.6826,54469687.1652,54324146.4637,54388880.2793,116170
2024-01-16T09:00:00,54359430.8105,54461928.3346,54278786.8560,54460415.1564,69926
2024-01-16T10:00:00,54430285.4152,54589926.0703,54398184.8416,54546098.5563,78274
2024-01-16T11:00:00,54507882.6211,54557461.9980,54497988.5658,54534391.8798,69919
2024-01-16T12:00:00,54517794.3533,54683152.4041,54500757.6452,54635883.1388,139136
2024-01-16T13:00:00,54666604.3559,54741881.0689,54636479.6738,54731686.8322,91184
2024-01-16T14:00:00,54711075.4938,54781470.1686,54586797.8816,54733022.6550,54674
2024-01-16T15:00:00,54697976.7684,54756101.0116,54670891.9485,54686176.7077,86059
2024-01-16T16:00:00,54664487.5772,54810992.1604,54657983.8203,54777657.7746,108948
2024-01-16T17:00:00,54773440.0186,54834393.0581,54760447.3598,54805152.9839,82471
2024-01-16T18:00:00,54805743.4322,54842486.9781,54635448.1150,54696029.2725,65199
2024-01-16T19:00:00,54708173.6504,54883622.4030,54666916.6661,54861022.1501,76895
2024-01-16T20:00:00,54831297.9935,54953182.7534,54827923.9190,54874269.7092,129711
2024-01-16T21:00:00,54875750.2582,55014316.4253,54867261.6249,54988987.6254,104106
2024-01-16T22:00:00,55001795.2626,55144729.6480,54955490.5495,55136299.8062,126810
2024-01-16T23:00:00,55153344.6612,55276647.0055,55108046.3053,55254086.0937,146843
2024-01-17T00:00:00,55307225.2389,55467164.0925,55189125.6993,55426075.2677,109181
2024-01-17T01:00:00,55437416.5044,55683095.1589,55316298.7938,55665795.2667,137167
2024-01-17T02:00:00,55610062.0811,55724825.1906,55573226.9594,55692547.6725,100997
2024-01-17T03:00:00,55699651.4523,55706682.9306,55532245.8152,55624300.2170,136690
2024-01-17T04:00:00,55671199.6976,56098142.4550,55583847.1647,56005277.0914,62403
2024-01-17T05:00:00,56047117.6513,56309528.9902,55934551.8188,56219202.7088,93333
2024-01-17T06:00:00,56284018.5096,56375886.5287,56242738.0622,56365868.7241,113422
2024-01-17T07:00:00,56324287.6925,56366764.2609,56195765.0337,56269773.6201,77743
2024-01-17T08:00:00,56219989.6573,56522119.7598,56143846.8228,56431790.4106,77528
2024-01-17T09:00:00,56442165.7649,56555260.8426,56413205.1391,56529149.4951,72894
2024-01-17T10:00:00,56572339.9000,56900411.7128,56465439.6263,56819053.4255,51051
2024-01-17T11:00:00,56906010.5711,56916215.6125,56829920.5420,56831963.0107,83097
2024-01-17T12:00:00,56853293.9619,56853324.7814,56801722.2549,56806022.6538,118720
2024-01-17T13:00:00,56770350.3117,56878169.1604,56599967.4487,56846078.1209,149357
2024-01-17T14:00:00,56846814.7886,56926923.5679,56840025.1482,56883399.7911,87544
2024-01-17T15:00:00,56857376.2386,57037100.6293,56750991.3475,57017270.3647,101621
2024-01-17T16:00:00,57019328.3300,57072648.3937,56989657.5710,57027456.0679,56446
2024-01-17T17:00:00,57029874.2645,57236841.4975,57005066.7049,57091803.3326,87437
2024-01-17T18:00:00,57153089.3790,57178952.9121,56838115.1774,56930957.8593,131631
2024-01-17T19:00:00,56905901.3023,56947504.9465,56794228.5173,56823570.8586,79946
2024-01-17T20:00:00,56845618.1342,57036364.2714,56748848.6458,56965785.0891,122576
2024-01-17T21:00:00,56928493.4463,56979616.2284,56927559.1602,56978192.2124,130958
2024-01-17T22:00:00,57004913.5683,57341537.4095,56985624.6727,57267657.2712,70642
2024-01-17T23:00:00,57277819.4649,57340560.7018,57244543.4096,57288586.2725,144050
2024-01-18T00:00:00,57299011.3209,57337195.8543,57134771.0860,57285843.1647,116518
2024-01-18T01:00:00,57262529.4386,57390261.4183,57192384.9873,57340767.4271,74480
2024-01-18T02:00:00,57347676.2610,57502283.9708,57295791.0342,57407960.1556,68172
2024-01-18T03:00:00,57376064.3811,57603481.8673,57354131.3629,57603169.2772,95638
2024-01-18T04:00:00,57694069.7973,57852863.3401,57590731.7844,57635117.8371,81029
2024-01-18T05:00:00,57659794.5622,57722870.9190,57513541.1572,57599151.5334,135960
2024-01-18T06:00:00,57618331.8118,57690878.7287,57360487.4503,57380466.3489,118851
2024-01-18T07:00:00,57362698.2898,57364014.7021,57115907.4253,57235137.5032,96710
2024-01-18T08:00:00,57156903.5055,57391354.3820,57025315.3421,57292651.3147,121272
2024-01-18T09:00:00,57320594.6787,57358035.7952,57202348.0530,57208636.0589,83056
2024-01-18T10:00:00,57213755.3786,57593374.9357,57194683.8544,57435107.4459,124205
2024-01-18T11:00:00,57451039.3599,57459764.9971,57261472.3007,57297438.0280,149215
2024-01-18T12:00:00,57324482.6635,57334608.7013,57191290.3875,57195238.9998,104243
2024-01-18T13:00:00,57154766.5249,57540422.0544,57102036.3710,57448447.9388,89923
2024-01-18T14:00:00,57439960.4065,57543761.5250,57435692.6024,57505494.8466,119663
2024-01-18T15:00:00,57511648.0727,57703348.7265,57484381.4731,57645753.0914,128889
2024-01-18T16:00:00,57656773.2945,57711971.3104,57591637.2158,57707984.0871,58111
2024-01-18T17:00:00,57637387.1772,57810447.7073,57600115.2949,57758084.5805,91061
2024-01-18T18:00:00,57750432.1710,57823938.8953,57442348.9377,57502503.5822,111447
2024-01-18T19:00:00,57520378.8459,57697233.2329,57475970.9261,57621815.4471,64969
2024-01-18T20:00:00,57646481.8977,57710297.7731,57542504.1035,57551226.8185,67026
2024-01-18T21:00:00,57539359.8928,57664518.4825,57337710.2128,57391143.4182,59260
2024-01-18T22:00:00,57372342.8394,57592052.5815,57238032.6511,57570272.0458,93739
2024-01-18T23:00:00,57599881.9363,57761519.1602,57525479.9517,57624932.7758,84437
2024-01-19T00:00:00,57613558.0786,57625986.1902,57483510.4547,57494378.1575,87160
2024-01-19T01:00:00,57508394.2541,57522776.8846,57317481.1702,57328593.8820,149550
2024-01-19T02:00:00,57366489.0329,57603034.0167,57298626.7363,57520352.7311,53080
2024-01-19T03:00:00,57503206.6825,57583085.3042,57417831.4025,57440867.2785,92917
2024-01-19T04:00:00,57430069.4236,57469553.8663,57336809.7485,57359358.9621,117818
2024-01-19T05:00:00,57357578.2829,57571385.6837,57241737.2409,57554037.3374,110690
2024-01-19T06:00:00,57555247.1337,57657527.7550,57463090.4270,57589669.4335,59999
2024-01-19T07:00:00,57545987.7866,57715819.3760,57362539.2307,57702315.3779,99564
2024-01-19T08:00:00,57694844.5533,57770730.3732,57668588.8663,57749107.1737,103671
2024-01-19T09:00:00,57763099.9477,57820970.1205,57683733.2927,57763283.5995,146837
2024-01-19T10:00:00,57785330.9195,57966786.4172,57638057.0705,57920473.3246,58139
2024-01-19T11:00:00,57981503.0850,58155252.2216,57762228.5615,57804931.8670,148219
2024-01-19T12:00:00,57756861.3506,57855536.4313,57514252.3647,57570754.3256,94175
2024-01-19T13:00:00,57577854.8911,57735136.4919,57493600.0183,57523274.6801,86400
2024-01-19T14:00:00,57479451.6601,57489981.5460,57297416.5668,57301643.8853,106325
2024-01-19T15:00:00,57324192.9680,57383796.9804,57317965.9317,57327070.0236,68882
2024-01-19T16:00:00,57302077.8498,57505163.2996,57262637.4904,57440033.7683,122273
2024-01-19T17:00:00,57456954.7445,57460068.0400,57365853.8059,57450249.6283,125077
2024-01-19T18:00:00,57395802.1844,57421884.0412,57383365.6248,57402336.3698,56393
2024-01-19T19:00:00,57423537.4256,57628498.0433,57392725.8694,57513134.6386,55728
2024-01-19T20:00:00,57511749.7635,57794574.2419,57463023.0068,57748664.0328,81778
2024-01-19T21:00:00,57721211.2902,57958172.1975,57717340.9735,57876874.3454,120765
2024-01-19T22:00:00,57910316.2673,57993443.2252,57889169.5432,57969474.1605,90159
2024-01-19T23:00:00,57949218.3643,57970047.9532,57831272.7272,57874032.5851,123314
2024-01-20T00:00:00,57880661.8353,57999975.0883,57767010.9346,57817135.8233,112831
2024-01-20T01:00:00,57814331.7629,57987128.4078,57786261.7876,57957582.4910,104448
2024-01-20T02:00:00,57991004.8957,58194231.3823,57960778.4519,58124942.9627,113921
2024-01-20T03:00:00,58107697.4915,58292818.8646,58046073.1409,58231331.5880,107873
2024-01-20T04:00:00,58249886.8272,58277976.0014,58179042.7244,58241122.4966,112670
2024-01-20T05:00:00,58182789.3940,58262606.1717,58141491.5034,58210253.9528,78813
2024-01-20T06:00:00,58231814.7526,58236618.2132,58184543.4120,58205278.8001,100226
2024-01-20T07:00:00,58184542.6560,58213403.8357,58159868.9717,58170503.4782,66168
2024-01-20T08:00:00,58202267.7569,58462475.5080,58130535.8655,58403426.9340,123039
2024-01-20T09:00:00,58419215.2359,58456004.7501,58294775.4152,58347999.2616,91668
2024-01-20T10:00:00,58369564.0860,58390186.3049,58229559.4661,58237917.1362,61292
2024-01-20T11:00:00,58186604.7211,58279066.6046,57971246.1407,58002547.2785,127501
2024-01-20T12:00:00,57977858.1793,58112111.3621,57697715.5188,57812183.3903,127710
2024-01-20T13:00:00,57833340.3968,57915648.0059,57711010.7719,57778217.4005,119503
2024-01-20T14:00:00,57822901.1548,57967369.6023,57815831.6320,57939904.8949,96109
2024-01-20T15:00:00,57934836.0303,58005176.3540,57902293.3561,57909611.6491,120633
2024-01-20T16:00:00,57972800.1676,57991850.8608,57802800.1811,57868059.5485,146366
2024-01-20T17:00:00,57836208.8297,58127860.2739,57718032.4735,58107137.2079,84669
2024-01-20T18:00:00,58069009.4480,58513754.7187,57936700.5959,58407868.9456,62842
2024-01-20T19:00:00,58450162.7291,58732727.2290,58368963.6090,58707125.7402,135055
2024-01-20T20:00:00,58749348.9618,58805839.4823,58685171.4167,58762302.4234,86717
2024-01-20T21:00:00,58735183.4125,58794160.4515,58677118.1637,58753184.8312,112789
2024-01-20T22:00:00,58762638.8045,58775631.3569,58436545.7942,58540516.3742,107805
2024-01-20T23:00:00,58585689.4843,58634794.3206,58554401.2420,58632612.0547,94562
2024-01-21T00:00:00,58651479.2716,58700327.0041,58457231.3377,58483417.8119,101683
2024-01-21T01:00:00,58489533.7682,58792153.4505,58434269.1416,58699254.3372,120686
2024-01-21T02:00:00,58705203.2820,58892819.3010,58701384.6456,58863253.7633,101734
2024-01-21T03:00:00,58864177.9577,59084532.3515,58697683.6123,59083337.6211,90350
2024-01-21T04:00:00,59124181.4665,59255128.9951,59062833.3717,59249448.9683,131604
2024-01-21T05:00:00,59267902.6856,59323835.9459,59166105.8324,59226820.1718,112197
2024-01-21T06:00:00,59195047.6329,59232239.4157,59159617.7968,59200476.7089,146046
2024-01-21T07:00:00,59220774.0973,59441125.8264,59161352.7465,59411951.4019,125253
2024-01-21T08:00:00,59446741.1882,59546355.6202,59328698.2251,59329885.0517,123009
2024-01-21T09:00:00,59326283.1486,59414489.2033,59297235.6741,59408811.6198,136279
2024-01-21T10:00:00,59413647.4861,59523295.8417,59398873.1464,59502014.4187,70833
2024-01-21T11:00:00,59523396.0828,59559978.5935,59461545.6570,59493104.0007,142525
2024-01-21T12:00:00,59513791.5955,59745772.1869,59443217.5183,59686453.9926,125716
2024-01-21T13:00:00,59638348.4980,59799168.5281,59457098.4013,59782986.5427,74018
2024-01-21T14:00:00,59823990.1756,59889624.8035,59656338.7555,59693869.5066,133753
2024-01-21T15:00:00,59683144.4076,59734976.1046,59676206.0830,59728171.6112,146349
2024-01-21T16:00:00,59745651.0836,59989897.9306,59694862.2174,59952958.7251,106025
2024-01-21T17:00:00,59910093.2414,60032088.6319,59813491.7995,59944414.0848,144092
2024-01-21T18:00:00,59967428.9816,60111842.1305,59955223.6331,60023598.3420,77191
2024-01-21T19:00:00,59950082.1653,60162798.8696,59934494.7174,59998463.9979,131638
2024-01-21T20:00:00,60015658.7237,60272371.8694,59926976.0259,60206989.7639,142808
2024-01-21T21:00:00,60203821.8144,60249131.0688,60027082.9473,60132793.7824,60021
2024-01-21T22:00:00,60165739.6399,60222062.4101,59983544.8205,60096035.9922,56597
2024-01-21T23:00:00,60131652.8616,60223215.2684,59948848.5199,59970841.5606,61437
2024-01-22T00:00:00,59987606.2608,60193486.9979,59984847.4526,60130679.0733,131671
2024-01-22T01:00:00,60100127.2421,60244183.4453,59978977.4148,60166296.7134,89989
2024-01-22T02:00:00,60175357.7828,60256019.9837,60168945.3643,60179459.1705,121533
2024-01-22T03:00:00,60137828.7126,60441946.5261,60101490.7416,60356601.7866,65955
2024-01-22T04:00:00,60331280.2410,60379180.6385,60116601.7032,60122319.5117,61145
2024-01-22T05:00:00,60137564.2214,60327926.0505,60133078.3394,60293363.3419,56734
2024-01-22T06:00:00,60314919.7723,60385082.0225,60311733.7411,60351594.5883,137768
2024-01-22T07:00:00,60366299.3249,60533841.7306,60354975.0105,60476045.7327,95377
2024-01-22T08:00:00,60422695.5088,60517581.8797,60387365.3305,60507490.1132,146140
2024-01-22T09:00:00,60491926.3547,60581257.9343,60472251.7357,60492325.1135,117651
2024-01-22T10:00:00,60438735.7034,60462693.3823,60399204.0764,60402053.3417,134043
2024-01-22T11:00:00,60422056.3680,60704575.7508,60283816.7608,60593347.2998,78126
2024-01-22T12:00:00,60567907.3640,60643552.4935,60371776.9347,60625394.4587,131521
2024-01-22T13:00:00,60641354.5660,60665398.8686,60598400.6813,60619429.7726,121735
2024-01-22T14:00:00,60628396.8079,60641265.5831,60490242.5482,60526110.9766,145145
2024-01-22T15:00:00,60513904.8518,60681230.5494,60391401.7064,60532392.9797,73154
2024-01-22T16:00:00,60536998.2226,60565048.5356,60507202.2400,60545212.9156,140726
2024-01-22T17:00:00,60526795.1144,60642039.6650,60515948.7358,60627341.8636,99021
2024-01-22T18:00:00,60623981.9947,60658943.3828,60594223.7019,60621503.1241,103730
2024-01-22T19:00:00,60669820.8786,60737574.9381,60661390.5300,60677456.0449,105739
2024-01-22T20:00:00,60692373.6133,60747581.1099,60626168.1648,60673485.6707,61871
2024-01-22T21:00:00,60689102.1502,60912130.3506,60643796.1064,60872012.3492,61037
2024-01-22T22:00:00,60847804.2412,60890611.3779,60644462.5293,60693379.0393,112856
2024-01-22T23:00:00,60699013.7204,60891847.1574,60664845.9002,60869425.4660,112502
2024-01-23T00:00:00,60825104.8797,60865853.5986,60707640.2099,60803952.9704,140285
2024-01-23T01:00:00,60804159.8851,60987339.9415,60799329.9493,60941768.6933,86922
2024-01-23T02:00:00,60976232.9262,61038530.9551,60920988.7194,60953001.8639,144478
2024-01-23T03:00:00,60935745.0239,61023662.3992,60630295.1406,60709118.2147,80832
2024-01-23T04:00:00,60709602.2445,60774296.6396,60660019.7663,60703091.2914,113395
2024-01-23T05:00:00,60704763.6203,60744300.5767,60551019.5930,60570415.5661,146982
2024-01-23T06:00:00,60612259.9128,60793966.2966,60576028.2692,60743768.6476,131068
2024-01-23T07:00:00,60750749.2992,60758274.1284,60352829.6223,60458712.0347,87731
2024-01-23T08:00:00,60483183.7495,60515214.2728,60452785.6572,60457302.3962,101778
2024-01-23T09:00:00,60433144.2513,60474017.1309,60329322.4058,60457529.6318,104356
2024-01-23T10:00:00,60479320.9688,60649935.0294,60391136.4180,60610971.0189,66074
2024-01-23T11:00:00,60602939.0988,60660319.5228,60420545.1812,60477742.4879,138764
2024-01-23T12:00:00,60516813.8752,60568968.8199,60244217.3300,60309376.9097,81973
2024-01-23T13:00:00,60315315.1763,60324713.3499,60194326.4312,60225572.7460,53680
2024-01-23T14:00:00,60203882.3908,60299725.3039,60123738.2870,60257989.4788,141516
2024-01-23T15:00:00,60235222.5432,60359095.1882,60166480.4899,60326491.2014,101037
2024-01-23T16:00:00,60346957.2523,60452219.9062,60188289.4521,60240973.8683,139940
2024-01-23T17:00:00,60221189.7317,60483248.2025,60087921.9137,60452035.4811,117069
2024-01-23T18:00:00,60454987.2197,60471319.4956,60280118.2566,60293802.7640,139831
2024-01-23T19:00:00,60264593.6147,60350253.2885,60217543.3068,60335082.1737,86986
2024-01-23T20:00:00,60349593.6589,60355847.1178,60184646.4690,60210909.9990,136438
2024-01-23T21:00:00,60204947.0268,60319663.3910,60150467.3979,60293591.8727,64430
2024-01-23T22:00:00,60285539.3699,60310478.5430,60250397.2006,60297286.3402,74141
2024-01-23T23:00:00,60243767.4187,60255791.7317,60174192.1889,60250027.3074,128722
2024-01-24T00:00:00,60258250.3009,60301774.4619,60020398.0360,60028661.1577,78210
2024-01-24T01:00:00,60058553.5208,60137559.0500,59789915.2970,59823721.6445,72274
2024-01-24T02:00:00,59882732.6604,60061311.0293,59876883.8912,60010116.8040,57427
2024-01-24T03:00:00,59953019.1902,60018566.3740,59844646.8393,59850271.3244,65212
2024-01-24T04:00:00,59808461.1139,60014844.8744,59752959.2276,59887778.1237,56480
2024-01-24T05:00:00,59870961.7423,59977613.7889,59834630.4950,59881081.3302,90023
2024-01-24T06:00:00,59916360.5757,59933846.4437,59888579.9555,59901465.4621,108660
2024-01-24T07:00:00,59921546.4503,59954203.7340,59843210.7833,59925890.5953,58472
2024-01-24T08:00:00,59882802.9166,59965988.1961,59780156.0593,59905605.6230,89482
2024-01-24T09:00:00,59874514.7144,59995594.9801,59789427.5220,59952839.9548,76628
2024-01-24T10:00:00,59940784.4988,59953674.4294,59939530.4421,59946948.0281,133920
2024-01-24T11:00:00,59895347.0351,60052856.2493,59865606.0014,59933479.5660,116240
2024-01-24T12:00:00,59935309.5568,60038524.1407,59837338.5007,59871760.2466,107932
2024-01-24T13:00:00,59914386.8442,59951796.1763,59761847.5685,59780282.0698,127392
2024-01-24T14:00:00,59757131.1754,60146976.3222,59739423.1095,60140241.7159,84534
2024-01-24T15:00:00,60135785.3274,60245204.3130,60111622.2532,60178833.5063,100049
2024-01-24T16:00:00,60187288.9121,60213497.4162,59993897.5551,60035688.9276,98599
2024-01-24T17:00:00,60063136.2994,60137284.3670,59978258.7834,60031509.4737,62280
2024-01-24T18:00:00,60038220.7073,60139799.4733,60025332.9957,60072509.0554,55711
2024-01-24T19:00:00,60121238.2172,60288182.6471,60120003.7335,60238141.9896,142257
2024-01-24T20:00:00,60159996.6490,60519717.9620,60152594.7715,60379405.8099,121261
2024-01-24T21:00:00,60365541.2774,60656464.1198,60324052.4535,60646566.3877,141856
2024-01-24T22:00:00,60693586.5598,60867137.8608,60652431.2861,60818395.3485,108744
2024-01-24T23:00:00,60842730.4796,60872948.3906,60747956.9508,60790532.7511,97313
2024-01-25T00:00:00,60774775.9864,60793379.7543,60734839.3276,60757318.5033,97779
2024-01-25T01:00:00,60749110.6620,60775049.2351,60368108.1482,60418587.6151,110601
2024-01-25T02:00:00,60412940.6896,60634069.1522,60357913.2875,60484535.2611,114919
2024-01-25T03:00:00,60473445.8867,60527028.7220,60322814.6673,60373103.8816,99811
2024-01-25T04:00:00,60347001.6601,60457594.1734,60279966.3089,60375221.3843,116437
2024-01-25T05:00:00,60376868.3943,60470839.5700,60347632.1348,60367392.9313,149525
2024-01-25T06:00:00,60350737.3129,60411424.5919,60126106.4121,60159657.1997,64369
2024-01-25T07:00:00,60088878.4831,60160910.3985,59799682.4065,59912772.8531,85591
2024-01-25T08:00:00,59955793.3113,59978776.8748,59915344.6565,59945414.1059,132563
2024-01-25T09:00:00,59977863.2247,60171544.4433,59874784.2481,59903014.8495,146894
2024-01-25T10:00:00,59856861.1257,59983254.4767,59694859.8773,59851009.9061,78563
2024-01-25T11:00:00,59856742.7195,60042840.5600,59811279.7708,59984590.3412,145353
2024-01-25T12:00:00,59944133.4466,60025662.9226,59919157.4770,60013306.9810,106864
2024-01-25T13:00:00,60028968.2096,60434426.4803,60019815.6257,60331603.0386,148260
2024-01-25T14:00:00,60347089.3032,60537714.9264,60262568.5133,60459322.1538,110571
2024-01-25T15:00:00,60467414.0371,60558319.2409,60296440.6456,60362021.6417,143475
2024-01-25T16:00:00,60376820.8244,60493979.2029,60272743.1809,60280980.7810,114058
2024-01-25T17:00:00,60259130.1460,60326673.7410,60056560.8953,60240391.6807,136683
2024-01-25T18:00:00,60264216.8203,60415304.9558,60057714.0200,60170325.9193,54804
2024-01-25T19:00:00,60182849.8335,60247894.2628,60054477.0702,60083914.1666,54340
2024-01-25T20:00:00,60071493.0455,60074761.1088,59946292.4244,59951396.9071,50168
2024-01-25T21:00:00,59905469.3801,59926262.3054,59508947.8083,59600925.6876,147410
2024-01-25T22:00:00,59553597.6903,59675210.8548,59355935.4169,59413452.0850,54709
2024-01-25T23:00:00,59420391.8807,59474999.5289,59198325.7023,59200250.8302,100754
2024-01-26T00:00:00,59168226.2094,59518312.3913,59166942.1525,59398562.1150,58197
2024-01-26T01:00:00,59370024.9390,59431139.5848,59074387.4476,59125744.7550,111345
2024-01-26T02:00:00,59081603.2799,59335634.6562,59041125.1075,59282776.2749,129364
2024-01-26T03:00:00,59211081.2164,59383044.1515,59142592.6054,59245966.0169,78817
2024-01-26T04:00:00,59245297.2725,59447358.4992,59101112.0381,59405454.1212,124667
2024-01-26T05:00:00,59412340.0862,59484891.6484,59174892.2252,59265492.4960,120678
2024-01-26T06:00:00,59228706.2303,59323295.1740,59192166.4032,59245907.9729,128212
2024-01-26T07:00:00,59217502.9049,59317926.8938,59180135.1371,59267301.9899,132237
2024-01-26T08:00:00,59295456.0269,59298908.8722,59205852.9739,59278461.2099,82087
2024-01-26T09:00:00,59319797.7727,59355713.5000,59093091.0142,59179345.6710,50894
2024-01-26T10:00:00,59231755.5724,59470752.2949,59227054.6906,59440599.0372,133874
2024-01-26T11:00:00,59464255.4101,59487478.0591,59201582.0091,59266034.9866,105754
2024-01-26T12:00:00,59213321.4248,59298572.2468,58826988.5387,58876340.3626,95946
2024-01-26T13:00:00,58792976.0572,59122101.3752,58541273.3355,59099107.0304,128736
2024-01-26T14:00:00,59061724.2356,59415320.8785,58874235.9230,59315386.8751,68170
2024-01-26T15:00:00,59302428.3607,59312488.1123,59045997.3640,59058891.3801,149637
2024-01-26T16:00:00,59014444.9218,59068883.6457,58840699.4887,58901424.8851,112363
2024-01-26T17:00:00,58839998.8327,58907920.7442,58722489.4882,58821925.5141,138893
2024-01-26T18:00:00,58836020.0822,58859203.2600,58598814.0112,58637806.9401,96947
2024-01-26T19:00:00,58651891.3485,58805696.1462,58525549.8939,58561162.7029,126005
2024-01-26T20:00:00,58528346.0904,58656788.7214,58485520.4578,58590209.1865,66480
2024-01-26T21:00:00,58556462.9117,58560193.8738,58378641.0017,58434648.4607,105917
2024-01-26T22:00:00,58448686.1345,58506342.5896,58204505.5504,58244538.9707,127602
2024-01-26T23:00:00,58286310.5484,58393877.4215,57991838.8367,58030392.6916,89901
2024-01-27T00:00:00,58089325.1265,58160444.9202,57826822.0577,57906268.5624,68660
2024-01-27T01:00:00,57948388.0348,58047701.5242,57630981.8878,57713098.0298,119118
2024-01-27T02:00:00,57758062.6343,57787701.8515,57750796.9977,57782184.7923,50943
2024-01-27T03:00:00,57809151.8796,57881265.3264,57606331.5305,57619835.6922,86274
2024-01-27T04:00:00,57635740.5508,57702015.3508,57558020.5030,57624517.4723,93107
2024-01-27T05:00:00,57545851.2855,57744442.5514,57520060.9927,57671338.4850,94420
2024-01-27T06:00:00,57558813.1005,57577389.3639,57498143.9506,57546963.3386,52796
2024-01-27T07:00:00,57543092.8776,57598357.7879,57512359.5425,57560225.8137,76779
2024-01-27T08:00:00,57577216.6346,57597854.6820,57470797.2123,57496014.9566,74662
2024-01-27T09:00:00,57582534.7287,57594304.6343,57515034.4284,57544402.7589,51119
2024-01-27T10:00:00,57540530.4825,57794352.0571,57530619.3838,57747804.7242,70472
2024-01-27T11:00:00,57788965.9135,57896636.9689,57644615.4526,57760529.4819,137242
2024-01-27T12:00:00,57745250.5373,57827375.5013,57685055.8355,57688979.9871,53054
2024-01-27T13:00:00,57712036.0968,57793785.7767,57565309.7596,57636364.1625,118985
2024-01-27T14:00:00,57596386.6812,57783604.9158,57586614.3911,57597973.4569,63107
2024-01-27T15:00:00,57549554.8243,57582421.8728,57448386.2368,57507840.0509,79370
2024-01-27T16:00:00,57511566.4947,57836880.6482,57377385.7468,57716547.9459,88896
2024-01-27T17:00:00,57758111.9863,57859750.6384,57734782.3353,57817762.0926,78871
2024-01-27T18:00:00,57793823.3788,57870622.3785,57759673.9682,57821945.6022,147218
2024-01-27T19:00:00,57824454.9955,57944046.4100,57745498.0557,57808419.0946,73903
2024-01-27T20:00:00,57854672.6812,58007928.9544,57844448.1846,57973774.4147,52034
2024-01-27T21:00:00,57954402.6920,57988823.4015,57924025.2320,57933694.5549,118237
2024-01-27T22:00:00,57917825.5307,57965634.9833,57683267.9009,57744395.5606,82473
2024-01-27T23:00:00,57752539.6880,57864247.4635,57686386.7098,57700655.0801,100773
2024-01-28T00:00:00,57740792.0516,57774466.1900,57667116.3311,57723002.8794,137907
2024-01-28T01:00:00,57724295.0825,57747528.8693,57512462.0583,57639706.6546,113126
2024-01-28T02:00:00,57586191.1665,57698565.1449,57574377.3979,57680859.6417,140962
2024-01-28T03:00:00,57744756.2381,57815126.6447,57461982.9291,57546321.8380,130988
2024-01-28T04:00:00,57531205.5505,57616227.4970,57350120.1592,57351546.5604,61295
2024-01-28T05:00:00,57340796.5118,57750860.9646,57249925.2248,57644229.4577,80816
2024-01-28T06:00:00,57651993.8689,57686189.3486,57602432.8556,57624205.2545,128582
2024-01-28T07:00:00,57578779.8774,57985058.9413,57496636.6224,57843845.0534,136627
2024-01-28T08:00:00,57813600.0311,58066292.0534,57805469.5159,57931582.6030,83179
2024-01-28T09:00:00,57937683.5864,58265204.8499,57936320.8772,58145437.1623,85666
2024-01-28T10:00:00,58108654.6861,58271059.4517,57944967.5426,57970672.9125,73513
2024-01-28T11:00:00,57958563.7663,58002252.8279,57771560.1777,57777639.5832,130202
2024-01-28T12:00:00,57796949.9027,57839680.9862,57625303.6730,57644377.0713,132318
2024-01-28T13:00:00,57708725.7491,58097121.6462,57654947.8816,58056441.8336,63204
2024-01-28T14:00:00,58098540.4179,58117390.0284,58065077.8497,58093974.4933,95213
2024-01-28T15:00:00,58037916.5017,58107993.8304,57798566.0322,57809122.2928,89196
2024-01-28T16:00:00,57840434.8589,57888218.6418,57798108.2365,57884756.3248,113054
2024-01-28T17:00:00,57863521.9270,58180342.0731,57682397.7265,58050058.7547,126462
2024-01-28T18:00:00,58088522.7061,58124861.1405,58022610.4655,58034461.8131,140428
2024-01-28T19:00:00,58019184.2766,58068264.6896,57938761.7122,58017188.9721,132825
2024-01-28T20:00:00,58042072.5989,58089530.7280,57996895.2071,58057671.8980,125585
2024-01-28T21:00:00,58072364.8400,58133671.0757,57906906.9771,57958504.0817,54939
2024-01-28T22:00:00,57944728.7294,58014204.5605,57929329.7286,57942541.4337,127619
2024-01-28T23:00:00,57974421.7564,58109145.1627,57624254.9272,57785145.5707,69137
2024-01-29T00:00:00,57853065.8235,57944015.2457,57762535.1096,57926195.3473,99139
2024-01-29T01:00:00,57899475.6365,57917909.2553,57549826.8315,57604573.2256,75525
2024-01-29T02:00:00,57609794.2346,57938101.1506,57601697.6632,57862808.6842,54228
2024-01-29T03:00:00,57793952.5968,57806460.8084,57646849.5520,57742579.6944,145207
2024-01-29T04:00:00,57713176.8699,57745837.2555,57558019.5869,57596052.7147,53372
2024-01-29T05:00:00,57537568.6044,57820145.1718,57471445.8800,57807168.5001,137618
2024-01-29T06:00:00,57756745.3035,57787139.1458,57654488.8434,57748871.7002,54574
2024-01-29T07:00:00,57800247.9020,57929548.5825,57748680.1190,57843747.1066,98535
2024-01-29T08:00:00,57813390.3075,57851989.1910,57701892.6934,57759895.8788,109359
2024-01-29T09:00:00,57751708.2508,57873730.5680,57730542.8228,57803950.9468,110035
2024-01-29T10:00:00,57801440.8718,57959994.1348,57729143.0603,57932044.8213,108448
2024-01-29T11:00:00,57938294.0133,57973055.6168,57865113.4140,57869321.2442,104218
2024-01-29T12:00:00,57890905.6563,57958794.8450,57798062.0879,57817946.9188,146331
2024-01-29T13:00:00,57794364.2144,57813652.4594,57711674.8964,57780331.2051,111530
2024-01-29T14:00:00,57791906.6161,57912458.0984,57772455.7034,57846449.0960,59383
2024-01-29T15:00:00,57842329.0368,58005042.2009,57797858.4707,57950021.5513,59759
2024-01-29T16:00:00,57984616.7759,58069617.4496,57883643.5315,57898174.4077,61578
2024-01-29T17:00:00,57925838.6368,57931454.6510,57803131.4003,57872971.1609,125708
2024-01-29T18:00:00,57912773.2701,58012007.8419,57869242.2273,57891691.7357,94045
2024-01-29T19:00:00,57854455.4486,57946878.3068,57675422.3276,57753613.6468,141892
2024-01-29T20:00:00,57772916.1849,57792396.8803,57724115.5104,57784663.7995,102949
2024-01-29T21:00:00,57774897.6155,57828144.3498,57536337.1979,57628777.3558,69078
2024-01-29T22:00:00,57648050.6496,57696048.3372,57615515.4933,57651763.3446,126897
2024-01-29T23:00:00,57642223.2584,57860906.4195,57582834.6407,57811911.2406,120496
2024-01-30T00:00:00,57829897.8960,57881527.1358,57606337.0570,57691870.9436,118262
2024-01-30T01:00:00,57682122.2763,57843867.6553,57607261.4309,57804542.7681,99031
2024-01-30T02:00:00,57813424.7291,57884413.2810,57677122.7468,57755321.1316,144022
2024-01-30T03:00:00,57810045.3441,58018129.2424,57808166.1630,57980124.2539,62777
2024-01-30T04:00:00,57968906.2971,58033447.6238,57854044.2551,57875618.8821,144294
2024-01-30T05:00:00,57831614.7497,57862172.7270,57786611.1203,57846118.0872,90060
2024-01-30T06:00:00,57877171.4522,57907922.1903,57794010.4295,57839452.1481,119356
2024-01-30T07:00:00,57792600.4745,57903446.1976,57784921.6350,57891693.7214,129226
2024-01-30T08:00:00,57889374.8728,57962317.2813,57834404.6364,57914340.8838,72032
2024-01-30T09:00:00,57930881.5681,58078009.6386,57912461.8422,58044065.0998,143541
2024-01-30T10:00:00,58058337.9210,58114838.3601,57883031.0000,57912274.3617,65397
2024-01-30T11:00:00,57906881.4026,57926884.7115,57758013.7816,57837208.1654,87120
2024-01-30T12:00:00,57806952.0187,58011237.2504,57753714.7953,57967092.8468,124313
2024-01-30T13:00:00,58012779.4023,58052951.0298,57983253.1943,58023693.0464,149616
2024-01-30T14:00:00,58016209.1373,58053272.6044,57920234.1318,57931668.1676,134387
2024-01-30T15:00:00,57949064.2915,57986268.6912,57821293.2269,57830355.9839,105098
2024-01-30T16:00:00,57850485.5256,58017454.5426,57811991.5414,57911032.9112,50737
2024-01-30T17:00:00,57922290.7169,58026574.3735,57890846.6250,57985640.5953,117528
2024-01-30T18:00:00,58017295.9249,58045768.0829,57869881.1812,57890575.9627,139608
2024-01-30T19:00:00,57853225.6892,57893106.6762,57785859.6289,57792578.0322,86489
2024-01-30T20:00:00,57789549.0656,57862162.6010,57647143.9397,57705013.5976,89712
2024-01-30T21:00:00,57699589.7491,57762431.8767,57677382.2586,57742575.0708,132356
2024-01-30T22:00:00,57704586.9957,57752547.3815,57596103.9403,57633592.4763,123622
2024-01-30T23:00:00,57638997.6216,57718892.6421,57519513.5317,57627978.5609,148152
2024-01-31T00:00:00,57665156.6278,57725794.9983,57619725.0603,57692184.7973,86573
2024-01-31T01:00:00,57646171.1613,57736765.7185,57639541.4515,57705465.6635,80486
2024-01-31T02:00:00,57676734.8869,57746790.9088,57532666.2502,57575869.2342,55800
2024-01-31T03:00:00,57530518.8663,57667555.5524,57517702.7325,57585329.0640,87834
2024-01-31T04:00:00,57636117.1024,57785926.6335,57583575.6413,57695301.4865,74231
2024-01-31T05:00:00,57699657.9138,57702506.3940,57567870.2935,57600841.5932,81014
2024-01-31T06:00:00,57579482.9713,57633517.0125,57418877.8333,57475011.7460,135645
2024-01-31T07:00:00,57429238.1844,57478893.0584,57415807.2226,57473721.9499,61612
2024-01-31T08:00:00,57514417.9783,57700855.9877,57496425.0754,57542141.2920,55712
2024-01-31T09:00:00,57532709.3884,57657332.2895,57448693.5766,57455765.6828,57303
2024-01-31T10:00:00,57418366.9793,57455213.7871,57345588.7256,57377985.7191,89899
2024-01-31T11:00:00,57393175.0317,57427177.7747,57280994.8336,57312440.4421,140160
2024-01-31T12:00:00,57285942.1351,57327466.6773,57281468.1479,57287098.5917,65685
2024-01-31T13:00:00,57244509.9716,57348488.0108,57075990.8957,57143171.1605,142071
2024-01-31T14:00:00,57112354.0137,57215924.6921,56985133.7298,57152023.8378,98949
2024-01-31T15:00:00,57155787.9111,57223135.6269,57024539.8316,57078998.4649,107087
2024-01-31T16:00:00,57112791.1002,57146692.1818,57064468.4683,57080586.6874,128506
2024-01-31T17:00:00,57101377.7795,57166562.8747,56981127.5879,57035962.7808,97320
2024-01-31T18:00:00,57047064.5407,57241410.9225,57046673.5739,57176517.7966,79963
2024-01-31T19:00:00,57149014.2111,57184000.7169,57101083.8737,57176530.5439,128342
2024-01-31T20:00:00,57153490.7456,57261779.6827,57133511.8269,57207716.1391,69174
2024-01-31T21:00:00,57237142.1133,57325997.7490,57215857.5483,57310896.3456,114353
2024-01-31T22:00:00,57280561.8869,57381019.1576,57238557.9983,57285790.5597,76679
2024-01-31T23:00:00,57331941.7138,57333588.5337,57303906.7184,57325198.4323,75270
2024-02-01T00:00:00,57343344.3136,57396863.7543,57300137.6228,57325694.1783,144513
2024-02-01T01:00:00,57337655.3165,57512017.5059,57298661.9692,57477329.3413,120958
2024-02-01T02:00:00,57472377.1897,57500865.3004,57238983.0934,57333111.2357,121503
2024-02-01T03:00:00,57330309.5349,57602778.9510,57285927.8806,57475946.4797,148387
2024-02-01T04:00:00,57466574.8084,57474582.8242,57289689.3107,57332163.3750,62228
2024-02-01T05:00:00,57304516.8438,57403531.4164,57249441.0735,57353201.2872,118058
2024-02-01T06:00:00,57304709.8120,57380895.0792,57229831.5904,57317556.2571,98670
2024-02-01T07:00:00,57362024.1200,57387723.8126,57295565.0269,57308959.4339,119449
2024-02-01T08:00:00,57316808.0031,57403820.2756,57305705.3799,57403238.9413,68982
2024-02-01T09:00:00,57379898.8013,57405048.0672,57292302.2596,57371800.8270,122636
2024-02-01T10:00:00,57409873.4395,57474168.9649,57403186.5357,57437299.7625,98672
2024-02-01T11:00:00,57417314.0712,57508681.2142,57290196.9958,57303724.9769,67564
2024-02-01T12:00:00,57273271.2822,57292514.3111,57253878.7505,57254098.6503,126236
2024-02-01T13:00:00,57253414.1112,57322455.3314,57098215.5839,57110401.2077,103085
2024-02-01T14:00:00,57131740.4077,57252473.7667,57127090.7174,57252069.1010,114937
2024-02-01T15:00:00,57250252.1146,57489340.3584,57221627.3788,57420394.9088,75845
2024-02-01T16:00:00,57424351.8804,57490557.4295,57393559.9961,57401791.9672,102295
2024-02-01T17:00:00,57431291.6277,57449366.9852,57217881.1896,57323370.4194,132645
2024-02-01T18:00:00,57316773.0459,57534129.0959,57253545.8335,57371881.3667,60081
2024-02-01T19:00:00,57395867.2273,57735834.7948,57209799.3178,57687906.7658,61261
2024-02-01T20:00:00,57717329.3122,57854895.8111,57623932.3041,57663474.2911,69812
2024-02-01T21:00:00,57713752.3247,57839987.7139,57613297.2783,57668399.7759,102968
2024-02-01T22:00:00,57706190.7308,57734720.0641,57640523.7860,57695835.8426,107619
2024-02-01T23:00:00,57710768.9308,57718555.5578,57581467.7947,57599944.0036,76454
2024-02-02T00:00:00,57606181.4145,57748296.2809,57531840.2092,57690390.1158,119516
2024-02-02T01:00:00,57701854.1657,57726737.7466,57325959.1367,57379976.9438,66802
2024-02-02T02:00:00,57360129.6246,57462081.1575,57337743.0120,57408009.7953,112682
2024-02-02T03:00:00,57442091.3161,57465135.0067,57370329.8616,57388637.3361,135273
2024-02-02T04:00:00,57383948.6542,57412463.8582,57298021.0586,57325386.2938,82543
2024-02-02T05:00:00,57304551.6551,57342855.6247,57252187.4293,57271307.5161,149080
2024-02-02T06:00:00,57262624.7323,57374599.9771,57223118.3754,57307989.4044,139949
2024-02-02T07:00:00,57268244.5382,57549787.5814,57229487.3347,57509228.3590,61754
2024-02-02T08:00:00,57546611.2345,57631776.8552,57540828.9008,57624034.4791,78519
2024-02-02T09:00:00,57647768.0931,57659601.8043,57425178.1488,57457680.6125,77542
2024-02-02T10:00:00,57452662.0277,57726179.8327,57448527.2219,57604944.8057,67857
2024-02-02T11:00:00,57596992.7974,57725164.4501,57554650.2167,57644932.7862,92188
2024-02-02T12:00:00,57583131.0807,57623930.2652,57355336.7008,57506170.7216,88173
2024-02-02T13:00:00,57489776.0561,57705431.8089,57484040.5413,57593928.2648,100455
2024-02-02T14:00:00,57540568.1882,57744379.0521,57536681.0417,57669336.2603,95938
2024-02-02T15:00:00,57683977.5584,57723132.8481,57458706.3760,57526683.1908,74307
2024-02-02T16:00:00,57547739.4398,57622243.6715,57520229.3844,57595861.4911,132361
2024-02-02T17:00:00,57551213.8182,57551288.1032,57428472.2045,57543451.2109,112688
2024-02-02T18:00:00,57497541.6268,57646570.5753,57438708.4411,57614839.8148,137359
2024-02-02T19:00:00,57619389.5712,57803491.5021,57367416.8561,57520025.0464,139586
2024-02-02T20:00:00,57535367.5544,57876562.2532,57368883.0138,57784726.5272,93051
2024-02-02T21:00:00,57789229.2837,57888298.3914,57722894.8141,57843210.8057,98646
2024-02-02T22:00:00,57875621.2343,58103839.8330,57819487.4219,58089244.9807,70870
2024-02-02T23:00:00,57997975.3650,58097809.1821,57895215.5069,58036325.0130,125139
2024-02-03T00:00:00,58078815.6459,58094489.1654,57940784.4534,58002638.8947,86177
2024-02-03T01:00:00,57977857.2990,57980613.1911,57828288.5459,57906815.9569,111602
2024-02-03T02:00:00,57876466.3638,57913741.6150,57740801.6395,57856279.5257,108766
2024-02-03T03:00:00,57884926.4787,58098151.9201,57866487.0771,58045068.7667,61798
2024-02-03T04:00:00,58063728.2303,58076906.2198,57920621.7783,57974351.9765,73940
2024-02-03T05:00:00,58018392.1341,58054125.7394,57864667.2570,57912365.5268,88250
2024-02-03T06:00:00,57845641.1759,57860368.0256,57749482.3050,57791046.5534,51085
2024-02-03T07:00:00,57772106.9207,58070139.9592,57766665.3920,58050971.0208,98495
2024-02-03T08:00:00,58076257.3987,58309542.7060,58028691.2325,58184061.8821,56968
2024-02-03T09:00:00,58173339.5704,58284696.0158,57927188.1042,58045618.5943,108910
2024-02-03T10:00:00,58058107.5377,58147009.6536,57873172.3665,57958660.5060,70822
2024-02-03T11:00:00,57911295.1963,58015396.8546,57869186.5012,57953972.7296,99132
2024-02-03T12:00:00,57940650.0412,58179078.9429,57907061.9089,58104403.8837,119579
2024-02-03T13:00:00,58144397.2054,58168665.4906,58027028.8564,58124119.5469,129118
2024-02-03T14:00:00,58065541.3805,58159685.7059,58032626.0977,58146910.9851,92476
2024-02-03T15:00:00,58094751.7869,58234906.6963,58050049.7054,58197702.4993,146252
2024-02-03T16:00:00,58149833.4951,58178405.0869,57952393.6212,58112061.8168,84976
2024-02-03T17:00:00,58106885.9150,58320971.1863,58054187.6468,58184489.1981,53870
2024-02-03T18:00:00,58174386.7846,58478771.9796,58130776.7627,58457410.6915,138020
2024-02-03T19:00:00,58393055.7326,58552557.1176,58309346.3709,58530768.1816,148001
2024-02-03T20:00:00,58511019.8187,58526118.8736,58474211.8962,58521976.4252,121047
2024-02-03T21:00:00,58562232.5897,58620596.7256,58421304.2779,58530269.6226,52219
2024-02-03T22:00:00,58540389.8166,58566562.8161,58461973.7908,58521722.1831,57876
2024-02-03T23:00:00,58483520.7760,58880071.0243,58429119.5564,58759607.6544,133812
2024-02-04T00:00:00,58758636.8440,59163523.4279,58655432.6562,59116909.0684,69059
2024-02-04T01:00:00,59178905.9936,59306833.2031,59011305.0652,59055016.9510,101939
2024-02-04T02:00:00,59039139.2106,59108961.0835,58861977.5665,58935256.3957,117537
2024-02-04T03:00:00,58910667.0362,58986165.9365,58868449.3049,58937455.7867,101592
2024-02-04T04:00:00,58937870.4975,58997474.0571,58827316.8559,58977633.8666,57391
2024-02-04T05:00:00,58928660.3116,59007118.5688,58864689.7308,58986834.9555,73737
2024-02-04T06:00:00,59054584.4665,59136567.8782,58942735.2660,59121350.5963,68240
2024-02-04T07:00:00,59122893.5795,59215926.1498,58715000.5388,58815152.4513,74227
2024-02-04T08:00:00,58802920.8192,58849780.7396,58717931.3659,58767262.7066,63890
2024-02-04T09:00:00,58803404.5207,59227708.9071,58772270.8487,59218302.5925,90755
2024-02-04T10:00:00,59207569.4974,59209462.5470,58987261.1441,58995237.1525,96088
2024-02-04T11:00:00,58960202.5493,59191484.0136,58915390.6519,59047974.5156,130127
2024-02-04T12:00:00,59022958.6991,59297804.2847,58905255.5896,59231352.3653,62316
2024-02-04T13:00:00,59291919.9089,59353317.6850,59163853.7358,59243782.9008,81495
2024-02-04T14:00:00,59218480.5344,59423079.9335,59135240.1110,59342479.9024,72622
2024-02-04T15:00:00,59337394.8901,59484504.5220,59198435.8729,59260196.4939,139084
2024-02-04T16:00:00,59238908.2760,59382342.5883,59197996.0190,59369169.2542,86633
2024-02-04T17:00:00,59361107.1076,59419100.5382,59224307.4127,59401017.9305,85286
2024-02-04T18:00:00,59406558.2629,59421107.4030,59287908.2953,59378048.6505,77286
2024-02-04T19:00:00,59397190.7992,59443963.4251,59351584.2489,59389613.3034,75738
2024-02-04T20:00:00,59306859.8614,59410918.7881,59090901.0001,59141523.3112,110097
2024-02-04T21:00:00,59180276.3817,59346394.9210,58849065.1426,58913413.8960,64883
2024-02-04T22:00:00,58934328.2073,59000793.1139,58855429.4612,58915873.2234,93808
2024-02-04T23:00:00,58900771.5278,59033019.9135,58742429.7020,58860197.1123,84819
2024-02-05T00:00:00,58829272.3674,59008064.4566,58812849.7662,58894668.0618,96278
2024-02-05T01:00:00,58894981.8079,58995726.3057,58749277.4231,58939726.2875,130380
2024-02-05T02:00:00,58914056.0170,58974067.1819,58836153.0070,58872255.3742,51974
2024-02-05T03:00:00,58839410.1951,58853408.8209,58747232.7230,58848903.9502,95416
2024-02-05T04:00:00,58848357.3051,58948000.8971,58846274.1512,58867233.7480,140264
2024-02-05T05:00:00,58873633.8598,58933711.0562,58854094.3957,58867615.5900,81735
2024-02-05T06:00:00,58886261.2421,59237410.8056,58883112.5969,59044843.5244,72397
2024-02-05T07:00:00,59053446.0781,59064122.2382,58877691.4335,59057984.7094,122044
2024-02-05T08:00:00,59102348.3271,59108896.0052,58866381.0956,58978221.7448,132933
2024-02-05T09:00:00,59008099.1794,59032890.6975,58745979.5990,58836264.7293,91388
2024-02-05T10:00:00,58860739.9310,58861583.3397,58795566.7943,58825873.4233,71459
2024-02-05T11:00:00,58891059.8234,59106977.5694,58856084.7267,58866777.1137,72620
2024-02-05T12:00:00,58904433.1989,58924509.8404,58653454.0578,58779069.8771,136149
2024-02-05T13:00:00,58790872.5318,58904331.1211,58663780.3976,58666330.1317,127778
2024-02-05T14:00:00,58718968.5005,58735344.3250,58452808.6363,58508248.1625,87149
2024-02-05T15:00:00,58549893.2110,58611275.3236,58442877.1713,58523997.8638,61080
2024-02-05T16:00:00,58556610.3442,58727378.8445,58521418.8933,58634967.9716,80533
2024-02-05T17:00:00,58609134.9863,58631316.5120,58343618.5053,58542385.9816,117696
2024-02-05T18:00:00,58549075.5736,58759687.5214,58502077.5785,58666049.6258,127494
2024-02-05T19:00:00,58643016.3666,58781783.4727,58556082.8220,58571287.6426,98676
2024-02-05T20:00:00,58588070.3499,58705430.8592,58537977.1384,58624132.0678,78499
2024-02-05T21:00:00,58607593.7063,58648393.9602,58606804.0106,58626701.7614,144664
2024-02-05T22:00:00,58566412.7827,58640287.9051,58401145.0335,58472110.4932,136465
2024-02-05T23:00:00,58421166.4005,58612317.3938,58419447.7257,58584975.5907,84221
2024-02-06T00:00:00,58568260.1642,58843710.1238,58551887.4923,58736966.0362,105127
2024-02-06T01:00:00,58698841.1394,58713116.4586,58473784.5039,58570717.9827,132399
2024-02-06T02:00:00,58562869.9099,58945386.4443,58550595.8378,58846785.1965,146195
2024-02-06T03:00:00,58858574.5649,59054982.8056,58840130.9524,59050593.6237,117584
2024-02-06T04:00:00,59037934.3722,59234372.0510,58982125.9255,59218651.8684,82844
2024-02-06T05:00:00,59220275.8676,59519837.5214,59164960.4277,59490463.5387,107628
2024-02-06T06:00:00,59530480.6378,59619882.9953,59481661.4159,59589316.5268,105357
2024-02-06T07:00:00,59594546.8063,59847071.4250,59554654.4929,59831424.0822,54217
2024-02-06T08:00:00,59845008.4199,59940926.2910,59825770.4340,59851643.1334,63154
2024-02-06T09:00:00,59808827.7557,59904573.1910,59723971.9438,59878317.9253,86467
2024-02-06T10:00:00,59870464.3828,60191421.5062,59864415.0938,60176927.1397,94704
2024-02-06T11:00:00,60204581.4949,60263977.4697,59989167.8993,59997394.7328,119669
2024-02-06T12:00:00,59972427.3699,60012215.5208,59817915.0332,59928723.4925,110791
2024-02-06T13:00:00,59968231.8199,60079142.1122,59848179.7729,59919249.9568,131275
2024-02-06T14:00:00,59900727.8980,60000707.7242,59820095.8544,59920540.2790,140002
2024-02-06T15:00:00,59860533.3190,59901859.0143,59799195.8158,59870498.7578,106809
2024-02-06T16:00:00,59875311.1133,59987444.2936,59786479.7532,59955602.1618,147202
2024-02-06T17:00:00,59961871.3506,60108685.1744,59887681.5353,60059120.0211,117378
2024-02-06T18:00:00,60082600.7874,60207965.0236,60065376.0306,60200519.2314,74057
2024-02-06T19:00:00,60270516.8814,60286490.2439,60221628.2736,60226896.2584,121328
2024-02-06T20:00:00,60257331.5218,60279281.4438,60086520.1233,60169749.4345,67410
2024-02-06T21:00:00,60164595.1453,60219975.3530,59748787.9027,59915355.6793,62825
2024-02-06T22:00:00,59890873.6135,59991914.0830,59847782.5911,59949417.6376,78911
2024-02-06T23:00:00,59947100.1097,60111202.9037,59841650.9835,60060340.6260,142304
2024-02-07T00:00:00,60054392.5607,60243928.2612,59962823.5620,60235939.7072,50196
2024-02-07T01:00:00,60272726.5734,60273860.5957,59970550.9038,60110879.4740,65771
2024-02-07T02:00:00,60149114.7768,60174032.0288,59927452.1694,59935616.2775,84715
2024-02-07T03:00:00,59918245.6342,60034460.1167,59842956.9709,59989699.9986,61633
2024-02-07T04:00:00,60041419.7499,60124217.5880,59955499.0634,59956319.2307,148727
2024-02-07T05:00:00,59978433.6796,60024111.7218,59933968.9708,59955676.3771,138130
2024-02-07T06:00:00,59937121.9991,60051593.2932,59893905.2929,59955521.4530,94109
2024-02-07T07:00:00,59989300.1519,60038968.7173,59913692.7278,59945485.0135,54353
2024-02-07T08:00:00,59975462.7512,60018729.5501,59724150.2972,59783256.4493,68717
2024-02-07T09:00:00,59756867.0717,59832102.9417,59673240.9678,59790016.1842,134388
2024-02-07T10:00:00,59740529.5764,59815174.6757,59573319.7310,59628199.2526,97974
2024-02-07T11:00:00,59630480.6600,59669245.2733,59502104.3067,59577230.6796,130440
2024-02-07T12:00:00,59521716.0041,59585660.8128,59492084.0493,59507969.3752,98105
2024-02-07T13:00:00,59473153.0334,59669383.7854,59399048.8395,59639558.4254,98808
2024-02-07T14:00:00,59635504.4883,59647098.0611,59381868.6532,59486595.3009,134055
2024-02-07T15:00:00,59507183.8224,59793418.8467,59452430.2303,59747616.1259,51776
2024-02-07T16:00:00,59725340.9160,59808366.9784,59697014.3037,59711279.4077,122320
2024-02-07T17:00:00,59738488.3904,59738491.4974,59689197.0943,59714212.0110,143878
2024-02-07T18:00:00,59715475.9989,59730681.5016,59652115.4659,59669562.7846,137789
2024-02-07T19:00:00,59677302.2515,59993345.2593,59618833.9659,59919229.7439,131688
2024-02-07T20:00:00,59940385.1624,60016316.1983,59829550.1802,60014986.8679,91290
2024-02-07T21:00:00,60019462.7071,60057641.6072,59928635.4006,59962186.7348,105567
2024-02-07T22:00:00,59940815.3786,60179448.9604,59922637.8549,60157134.5591,117129
2024-02-07T23:00:00,60130952.7581,60501492.2246,60124355.5980,60418533.8676,56161
2024-02-08T00:00:00,60413171.5146,60426045.8475,60362965.2983,60416160.8594,51200
2024-02-08T01:00:00,60385173.5532,60463339.9430,60336148.8130,60423797.8301,78121
2024-02-08T02:00:00,60418532.0700,60575956.8710,60253354.3557,60556330.9907,138763
2024-02-08T03:00:00,60517623.2105,60529139.1466,60432778.9996,60456927.8255,96979
2024-02-08T04:00:00,60420966.0983,60482581.6199,60205191.0534,60305839.1610,56192
2024-02-08T05:00:00,60266240.4882,60424137.1834,60261183.9002,60351053.9131,128953
2024-02-08T06:00:00,60371543.7563,60679454.3492,60348097.0628,60567697.8677,53905
2024-02-08T07:00:00,60559159.2276,60754774.4001,60467980.7476,60617499.4108,62301
2024-02-08T08:00:00,60672688.8903,60690051.7409,60479232.2626,60625375.3498,110216
2024-02-08T09:00:00,60629929.9124,60634722.1818,60534089.2775,60600896.0160,66250
2024-02-08T10:00:00,60559765.1109,60589079.1384,60406521.0060,60410745.1093,82181
2024-02-08T11:00:00,60339062.0462,60453061.4030,60225748.4176,60392770.3482,80747
2024-02-08T12:00:00,60411670.3593,60478170.9627,60375253.0227,60391260.4431,79068
2024-02-08T13:00:00,60420329.3577,60680037.0565,60313411.9571,60674960.4743,77331
2024-02-08T14:00:00,60636796.1370,60719051.0244,60602808.6979,60703726.6084,100602
2024-02-08T15:00:00,60680854.6849,60700970.9187,60583160.5331,60616352.0672,71580
2024-02-08T16:00:00,60632163.7549,60690550.5895,60481721.1183,60488107.5100,72465
2024-02-08T17:00:00,60516007.4726,60595266.3247,60438196.5949,60524678.5616,89611
2024-02-08T18:00:00,60479406.6551,60615825.9537,60451735.7898,60589344.5813,133337
2024-02-08T19:00:00,60634557.3809,60830236.4703,60556939.5455,60708496.4975,132830
2024-02-08T20:00:00,60694542.7495,60899071.5862,60660104.4093,60883469.7371,87466
2024-02-08T21:00:00,60880199.5837,60926536.0544,60798470.2585,60814583.6064,77839
2024-02-08T22:00:00,60835576.5175,60872346.1475,60756847.0212,60798833.9952,64107
2024-02-08T23:00:00,60857587.5601,61102123.4356,60833840.9632,60993976.8263,81247
2024-02-09T00:00:00,61032132.7287,61093120.0160,60997088.9264,61086629.2961,80760
2024-02-09T01:00:00,61117966.6065,61188179.2917,61054604.4144,61083289.9831,99801
2024-02-09T02:00:00,61075416.1783,61258582.6655,61051255.1346,61190444.8393,144609
2024-02-09T03:00:00,61176255.0112,61326054.5800,61098224.1218,61321281.6122,99160
2024-02-09T04:00:00,61304745.7158,61576799.9927,61255269.2072,61554040.1333,69740
2024-02-09T05:00:00,61605940.7909,61731018.0639,61568572.0069,61653181.0613,65813
2024-02-09T06:00:00,61661684.3687,61776547.1317,61610385.5856,61712408.5069,108066
2024-02-09T07:00:00,61736985.6058,61755394.7255,61543360.1298,61578816.3491,136305
2024-02-09T08:00:00,61570591.4680,61693470.4263,61537600.7827,61620171.0745,145815
2024-02-09T09:00:00,61625694.4287,61744427.8704,61554787.0258,61740054.9702,88028
2024-02-09T10:00:00,61754947.8372,61769092.6848,61737434.6046,61750166.3782,75818
2024-02-09T11:00:00,61695985.0830,61746636.3039,61627549.6465,61743131.7645,129773
2024-02-09T12:00:00,61762837.9919,61828386.5933,61577014.2246,61703064.8756,118485
2024-02-09T13:00:00,61708722.4006,61822012.8071,61469719.8583,61545342.9971,95758
2024-02-09T14:00:00,61591542.2225,61668090.1252,61470106.0270,61503079.7427,55217
2024-02-09T15:00:00,61494528.1519,61632080.4289,61468241.6111,61605168.4045,68104
2024-02-09T16:00:00,61597891.4421,61753007.5274,61544619.6390,61676422.4624,112258
2024-02-09T17:00:00,61683455.6523,61835465.3166,61680171.7504,61829880.8109,147428
2024-02-09T18:00:00,61807590.0629,61935024.0197,61804675.1793,61883394.0028,104471
2024-02-09T19:00:00,61908458.9547,62106655.9036,61902843.4301,62042472.9732,79410
2024-02-09T20:00:00,62050496.2473,62117766.7108,62031723.7222,62063639.5080,118494
2024-02-09T21:00:00,62034519.7622,62110436.7233,61958422.5729,61981569.4205,108123
2024-02-09T22:00:00,61981122.1629,62029060.8156,61704307.8389,61781410.8481,105377
2024-02-09T23:00:00,61746485.8889,62120867.1383,61745100.2188,62018225.8921,71218
2024-02-10T00:00:00,62070533.0814,62161196.7300,61942357.6821,61976532.8552,137551
2024-02-10T01:00:00,61942423.2851,62124094.4610,61886661.1887,61991137.2626,142231
2024-02-10T02:00:00,62000369.2425,62092817.1738,61776614.8222,61909998.7007,119113
2024-02-10T03:00:00,61847211.6935,61937773.2791,61701788.8126,61935199.0984,106964
2024-02-10T04:00:00,61915052.1073,62125588.0643,61767762.8100,61859005.4263,81927
2024-02-10T05:00:00,61850401.3606,61891588.3550,61711833.7304,61872084.7794,74509
2024-02-10T06:00:00,61871719.9072,62124305.2704,61801302.3985,62070789.7512,74315
2024-02-10T07:00:00,62010932.9020,62089416.4602,61929295.5385,61949708.9929,139773
2024-02-10T08:00:00,61946130.9441,62135886.6385,61876579.6612,62120787.1345,116144
2024-02-10T09:00:00,62116685.4511,62219866.4373,62077167.1340,62107779.8254,128477
2024-02-10T10:00:00,62116040.6902,62340622.8513,62063473.6151,62294506.0127,97815
2024-02-10T11:00:00,62321100.8462,62404603.0618,62219462.9006,62367123.5019,140688
2024-02-10T12:00:00,62335303.7006,62539878.7086,62269218.0968,62481617.1057,52082
2024-02-10T13:00:00,62431732.2324,62632514.6663,62396170.5089,62614164.5919,58069
2024-02-10T14:00:00,62632386.9813,62821741.1454,62586522.3170,62689533.8073,54427
2024-02-10T15:00:00,62713782.1837,62718778.6999,62590375.1549,62618088.4582,120213
2024-02-10T16:00:00,62636120.8701,62745569.5098,62562643.5614,62728145.5030,79059
2024-02-10T17:00:00,62759062.2448,62823243.6704,62484742.2943,62584912.4084,135272
2024-02-10T18:00:00,62549426.8591,62894854.9924,62494403.1709,62818460.9284,139649
2024-02-10T19:00:00,62780511.9477,62793107.9271,62471499.1000,62555231.4581,127767
2024-02-10T20:00:00,62514875.7516,62809365.4625,62510706.2149,62773776.6941,110560
2024-02-10T21:00:00,62782656.1351,62951767.0679,62732663.4279,62855979.6462,75948
2024-02-10T22:00:00,62805121.4976,62973116.1824,62704525.8140,62745081.0085,93560
2024-02-10T23:00:00,62752553.3256,62862191.1600,62603704.4858,62838665.5321,70912
2024-02-11T00:00:00,62777665.4006,62950087.5093,62711550.2336,62905410.8379,73450
2024-02-11T01:00:00,62853371.2540,62967176.6495,62841432.6062,62857028.8856,112838
2024-02-11T02:00:00,62884029.1672,62945227.4460,62466035.2637,62526546.4719,104680
2024-02-11T03:00:00,62506450.1734,62553891.6676,62389772.0188,62400854.1236,75678
2024-02-11T04:00:00,62370263.9619,62592988.0375,62354106.7416,62488244.5643,113437
2024-02-11T05:00:00,62553205.9781,62736601.4875,62492597.5538,62669858.2823,94560
2024-02-11T06:00:00,62694261.9603,62714520.3493,62541330.5653,62623571.8580,134422
2024-02-11T07:00:00,62601461.4633,62816988.6800,62360431.5025,62372712.9877,78591
2024-02-11T08:00:00,62369502.7716,62749861.8267,62282976.3856,62582885.6167,144635
2024-02-11T09:00:00,62596677.0004,62622376.0061,62408533.7856,62451142.2664,72867
2024-02-11T10:00:00,62439434.7473,62600203.7483,62423935.2267,62488335.1771,77317
2024-02-11T11:00:00,62446775.9195,62468104.9502,62300293.1319,62428088.3133,83854
2024-02-11T12:00:00,62505541.3985,62703543.0895,62503329.3093,62541070.2227,149313
2024-02-11T13:00:00,62546643.6498,62626508.8321,62520986.2667,62571766.0891,64594
2024-02-11T14:00:00,62553830.6917,62592321.7248,62422021.3744,62440727.3424,65169
2024-02-11T15:00:00,62482190.0992,62737843.7987,62374881.0042,62596529.1959,65862
2024-02-11T16:00:00,62593369.0014,62776897.2560,62502554.4800,62748523.8499,77184
2024-02-11T17:00:00,62740778.5965,62758321.9252,62664529.9477,62723226.6463,63971
2024-02-11T18:00:00,62652869.3559,62799996.3902,62611127.7084,62744534.5135,90560
2024-02-11T19:00:00,62754666.7642,62872397.6401,62408002.5709,62491313.2084,87421
2024-02-11T20:00:00,62514090.8929,62552987.5263,62331983.2511,62369541.4593,132757
2024-02-11T21:00:00,62394613.3764,62398663.6836,62222970.8767,62248081.8265,53698
2024-02-11T22:00:00,62286362.4912,62384634.9523,62146525.2329,62321252.8732,133726
2024-02-11T23:00:00,62415562.6135,62477199.7658,62303253.1326,62372815.7654,57181
2024-02-12T00:00:00,62331965.9822,62482422.2064,62323920.5796,62384989.4048,56297
2024-02-12T01:00:00,62315774.6907,62528959.5159,62299844.0269,62448676.6082,90348
2024-02-12T02:00:00,62397108.1118,62398168.2711,62194390.7595,62204269.7718,56581
2024-02-12T03:00:00,62189167.7973,62300310.9689,62118114.3181,62220246.1191,56783
2024-02-12T04:00:00,62255284.6975,62364392.8963,62184182.3330,62214978.4727,123524
2024-02-12T05:00:00,62183877.5887,62246977.5207,61851600.8459,61957457.5257,112822
2024-02-12T06:00:00,61990432.5657,62091890.3796,61625625.3879,61763816.3684,136324
2024-02-12T07:00:00,61821140.1799,61928076.9109,61416002.8850,61542877.4573,111966
2024-02-12T08:00:00,61581008.9497,61673918.1962,61383052.4007,61391324.5548,119049
2024-02-12T09:00:00,61298943.3699,61720824.6173,61168122.2623,61704097.6907,79141
2024-02-12T10:00:00,61772159.4986,61862394.3510,61686867.7461,61761881.7471,88299
2024-02-12T11:00:00,61799727.8803,61805925.5677,61390136.9902,61502377.3244,143462
2024-02-12T12:00:00,61455338.7820,61536844.6313,61099562.8508,61157693.4685,147259
2024-02-12T13:00:00,61117656.3691,61282664.8719,61056840.0212,61259057.7332,132231
2024-02-12T14:00:00,61267429.7435,61287326.0036,61182141.9131,61210158.0548,126232
2024-02-12T15:00:00,61237564.8707,61263075.6914,60968669.7445,61028829.9317,120018
2024-02-12T16:00:00,61098468.4696,61142072.5298,60801927.4100,60815859.2645,83357
2024-02-12T17:00:00,60788109.3568,60815896.5718,60696227.9000,60702180.8325,112898
2024-02-12T18:00:00,60735946.7198,60755472.0240,60598205.3736,60670623.9557,69742
2024-02-12T19:00:00,60637941.0080,60676234.1586,60552876.6741,60650576.0463,122355
2024-02-12T20:00:00,60635804.4496,60664160.6007,60259757.1948,60303961.7762,120226
2024-02-12T21:00:00,60308632.0987,60340968.0329,60288114.5834,60314274.0101,75972
2024-02-12T22:00:00,60304999.5300,60389970.7516,60142609.9775,60248160.6464,57089
2024-02-12T23:00:00,60188372.5270,60247125.6421,60026813.7892,60070043.0118,117528
2024-02-13T00:00:00,60071001.7841,60108916.8221,59818094.4562,59879982.1322,96734
2024-02-13T01:00:00,59844066.1861,59918529.5075,59789524.5041,59803008.1817,141550
2024-02-13T02:00:00,59808302.7153,59963276.9863,59703643.5412,59769826.3179,73871
2024-02-13T03:00:00,59763812.2694,59777699.2736,59671861.2002,59703842.4068,145939
2024-02-13T04:00:00,59676919.4413,59783353.9592,59414145.4994,59488473.1140,137839
2024-02-13T05:00:00,59487382.9823,59600330.0128,59357755.8157,59559182.7366,139766
2024-02-13T06:00:00,59482589.1303,59533584.2597,59175859.9828,59205926.5947,86924
2024-02-13T07:00:00,59163210.8990,59239151.3272,58845028.7189,58949409.7708,109066
2024-02-13T08:00:00,58929519.4145,58983181.1296,58718300.6114,58791240.5099,116249
2024-02-13T09:00:00,58826764.4457,58883064.3773,58712228.5562,58728596.7499,72573
2024-02-13T10:00:00,58737435.2914,58910661.9982,58690517.2257,58903880.9986,85759
2024-02-13T11:00:00,58887910.2852,58921401.4273,58797284.7632,58819317.3984,76568
2024-02-13T12:00:00,58824728.4444,58958452.4476,58811285.8509,58845783.8530,54563
2024-02-13T13:00:00,58822080.0205,59018660.7465,58796650.1545,58939345.6307,115609
2024-02-13T14:00:00,58903801.5381,58906900.6961,58770324.9540,58797361.4257,63890
2024-02-13T15:00:00,58796689.6009,59143469.2251,58738912.7378,59027813.1906,142783
2024-02-13T16:00:00,59050992.7798,59127478.2505,58932689.8931,58972106.5109,100618
2024-02-13T17:00:00,59011622.5499,59160497.0838,58810885.3791,58900331.0021,142823
2024-02-13T18:00:00,58875882.3752,58951347.7855,58769257.9038,58830898.9426,73109
2024-02-13T19:00:00,58895499.3476,58900884.5298,58636722.7400,58678976.9973,139522
2024-02-13T20:00:00,58664364.8651,58679616.3740,58532515.5925,58583234.3333,84968
2024-02-13T21:00:00,58569708.4847,58736195.3646,58397518.1141,58600125.4681,116068
2024-02-13T22:00:00,58598320.9002,58766747.3910,58573114.5854,58625105.2172,121994
2024-02-13T23:00:00,58632968.4675,58767989.1438,58594676.1036,58648178.8436,64181
2024-02-14T00:00:00,58642174.3132,58705949.5058,58504526.0303,58536654.4470,138808
2024-02-14T01:00:00,58583569.1585,58639347.5068,58505221.4159,58554880.9604,81060
2024-02-14T02:00:00,58492304.0802,58517398.2911,58392994.9101,58406875.3045,95397
2024-02-14T03:00:00,58435079.8623,58475377.3623,58367846.9799,58441301.3481,135842
2024-02-14T04:00:00,58456527.4617,58490057.9613,58289895.0554,58289926.1813,75757
2024-02-14T05:00:00,58300429.0315,58364688.6224,58299843.8337,58322681.9375,94514
2024-02-14T06:00:00,58334615.4588,58429002.5395,58247861.5684,58394108.7492,50580
2024-02-14T07:00:00,58351797.5331,58453105.8162,58280392.3020,58426392.0525,119556
2024-02-14T08:00:00,58433344.0291,58512038.9758,58374202.6012,58476304.6372,51469
2024-02-14T09:00:00,58479610.1975,58520768.6529,58363790.8740,58411378.5366,60584
2024-02-14T10:00:00,58404938.9585,58416289.4877,58316849.8983,58391131.7210,143076
2024-02-14T11:00:00,58371940.3139,58397426.4047,58220623.6215,58275130.4114,103800
2024-02-14T12:00:00,58263979.0032,58324951.1005,58192586.9915,58221085.3775,62384
2024-02-14T13:00:00,58244514.7115,58340077.2630,58166129.3843,58329890.0717,140987
2024-02-14T14:00:00,58330645.9264,58336200.8292,58205414.5423,58218212.2205,106180
2024-02-14T15:00:00,58203673.0920,58329475.2947,58138463.4608,58311241.5284,71201
2024-02-14T16:00:00,58295525.3287,58359522.2101,58252091.7977,58281556.6875,50621
2024-02-14T17:00:00,58279491.5242,58335825.4790,58096006.9931,58169790.6709,107436
2024-02-14T18:00:00,58185877.6386,58248374.0338,58089056.2988,58189514.8274,133132
2024-02-14T19:00:00,58117835.9167,58253501.1302,58039865.9971,58191235.7510,148919
2024-02-14T20:00:00,58195288.9510,58225634.5017,58139850.1066,58161655.5329,98778
2024-02-14T21:00:00,58173477.5585,58182743.3074,58016552.2357,58054934.3155,108677
2024-02-14T22:00:00,58049241.9705,58144582.6549,57982256.9033,58103876.8427,90100
2024-02-14T23:00:00,58163245.2016,58191423.2121,57942410.8043,58035311.5178,55813
2024-02-15T00:00:00,58057330.9465,58116580.3663,57980321.2645,58089922.9077,137141
2024-02-15T01:00:00,58041620.1753,58136981.3038,58006407.1647,58095055.8525,61654
2024-02-15T02:00:00,58126230.8227,58162940.2655,58088707.7095,58151615.2580,66855
2024-02-15T03:00:00,58189328.0879,58199435.0881,58036315.9626,58110394.7044,122190
2024-02-15T04:00:00,58116963.5290,58185835.3460,58098573.9821,58156253.4319,83149
2024-02-15T05:00:00,58150321.5982,58187348.3498,57897490.8492,57945603.5234,116371
2024-02-15T06:00:00,57905517.3419,57910177.5901,57853980.8345,57884964.1532,64646
2024-02-15T07:00:00,57876120.3689,57921402.5901,57703117.6947,57758470.8821,145064
2024-02-15T08:00:00,57783553.7167,57899565.7761,57684351.6010,57892984.2796,131364
2024-02-15T09:00:00,57924652.5378,58040581.0872,57864278.7998,57994820.5901,113373
2024-02-15T10:00:00,58000335.6244,58295616.6903,57984360.3605,58238042.8978,108469
2024-02-15T11:00:00,58238162.1843,58293824.2541,58128237.8288,58190201.1118,65162
2024-02-15T12:00:00,58148146.3681,58322886.2215,58137682.3722,58299587.1844,130734
2024-02-15T13:00:00,58309257.1812,58341985.1796,58165669.7951,58221415.6853,149396
2024-02-15T14:00:00,58266400.9295,58314780.3945,58246601.5576,58263684.6132,76559
2024-02-15T15:00:00,58258505.3419,58389998.3084,58229895.0921,58332343.8969,94629
2024-02-15T16:00:00,58276601.2115,58406853.5327,58260661.1777,58295248.3284,125787
2024-02-15T17:00:00,58260016.5239,58273258.7518,58049226.5241,58083938.3957,103429
2024-02-15T18:00:00,58067766.0293,58214272.8511,58055677.4913,58111745.9955,102689
2024-02-15T19:00:00,58150972.5118,58166134.7311,58127541.1085,58146649.3931,56545
2024-02-15T20:00:00,58170678.0935,58308705.4330,58117808.8165,58295156.0374,91054
2024-02-15T21:00:00,58325572.9388,58347749.4932,58201967.3196,58253738.6607,92433
2024-02-15T22:00:00,58276719.3965,58320469.4662,58149166.3739,58227927.4337,137182
2024-02-15T23:00:00,58214048.5282,58241393.9603,57989770.5019,58022807.6412,74159
2024-02-16T00:00:00,58037010.2169,58245642.4716,57955522.8699,58214146.2454,146022
2024-02-16T01:00:00,58218497.2457,58357699.0116,58096553.8688,58343060.7856,124828
2024-02-16T02:00:00,58365918.6860,58392583.4631,58240751.5343,58264141.8623,146710
2024-02-16T03:00:00,58235792.5584,58511871.2733,58191375.3323,58463510.6706,63252
2024-02-16T04:00:00,58468415.3640,58526060.1816,58333449.6976,58383745.1826,137322
2024-02-16T05:00:00,58383380.8363,58477449.4466,58122867.4179,58140798.0787,127336
2024-02-16T06:00:00,58135194.0450,58159398.3581,58046203.6955,58054361.8448,85333
2024-02-16T07:00:00,58036778.5777,58068520.6354,57971861.8312,57995184.9197,133685
2024-02-16T08:00:00,58006402.0235,58110059.5754,57996338.2852,58076636.1767,143285
2024-02-16T09:00:00,58096045.4933,58167320.0228,57898104.4143,58020414.8230,50923
2024-02-16T10:00:00,58034039.5728,58074674.7857,58016152.7907,58069058.7510,106590
2024-02-16T11:00:00,58097015.6275,58112334.0183,57966603.2249,58058838.3359,95135
2024-02-16T12:00:00,58006001.1377,58150804.9949,57984938.6780,58141446.2802,121805
2024-02-16T13:00:00,58166759.1829,58310833.4877,58135150.3462,58217755.5720,125878
2024-02-16T14:00:00,58224785.4437,58306672.4956,58207487.0661,58300632.8113,74495
2024-02-16T15:00:00,58288580.3309,58402530.7808,58195434.7774,58379474.7355,90498
2024-02-16T16:00:00,58359746.8509,58420452.9563,58308377.4167,58375842.5007,59882
2024-02-16T17:00:00,58405606.6075,58458026.6968,58402055.4358,58446235.2577,60316
2024-02-16T18:00:00,58430147.4647,58473087.2302,58383240.2679,58468239.9138,54631
2024-02-16T19:00:00,58460291.7682,58499018.8896,58324051.6669,58354158.0729,65327
2024-02-16T20:00:00,58367937.6339,58391485.9395,58102066.3464,58170768.6211,122775
2024-02-16T21:00:00,58179581.6361,58256696.1156,58027527.9824,58065523.1786,125871
2024-02-16T22:00:00,58042678.7410,58091988.3303,57837811.3789,57873158.5319,79523
2024-02-16T23:00:00,57881076.0808,57931300.1614,57773521.3399,57844763.3713,64656
2024-02-17T00:00:00,57864634.9323,57979195.8031,57832474.4880,57921235.4741,53834
2024-02-17T01:00:00,57957288.7858,58056820.9228,57873838.9582,58055065.3353,58403
2024-02-17T02:00:00,58039087.7744,58160292.4955,58009570.4863,58124108.2444,69651
2024-02-17T03:00:00,58112305.6831,58164083.8756,57985401.6298,58024010.8554,83937
2024-02-17T04:00:00,57986714.3900,58070523.3730,57755567.8439,57815932.7864,91981
2024-02-17T05:00:00,57841355.1618,57843852.2896,57753012.2056,57829883.3653,58541
2024-02-17T06:00:00,57801164.6579,57893705.7220,57696365.0049,57725793.2407,60674
2024-02-17T07:00:00,57716493.1176,57896873.2362,57616687.9869,57867273.8861,116702
2024-02-17T08:00:00,57852698.0923,57874635.2224,57729852.3764,57748593.2327,94752
2024-02-17T09:00:00,57773479.3464,58049189.3092,57742346.5500,57986563.2984,131937
2024-02-17T10:00:00,57969861.8895,58011217.0158,57865268.8728,57911024.8981,114755
2024-02-17T11:00:00,57930809.7759,58077424.4014,57828864.8225,57912623.0127,99666
2024-02-17T12:00:00,57889649.4987,57952191.7615,57839942.7596,57940788.1725,124849
2024-02-17T13:00:00,57945335.8019,58399142.7885,57910494.2687,58261731.6365,128341
2024-02-17T14:00:00,58320392.5030,58350634.8192,58254460.6867,58287839.3526,128065
2024-02-17T15:00:00,58287370.4192,58338380.2804,58166975.0744,58235947.8820,86311
2024-02-17T16:00:00,58292521.3949,58376945.7575,58195017.1350,58345806.0592,112920
2024-02-17T17:00:00,58316792.6925,58557217.9006,58227467.6755,58492209.9167,141701
2024-02-17T18:00:00,58524925.2745,58628185.2992,58400161.4610,58427315.2157,121471
2024-02-17T19:00:00,58416833.9413,58678487.8474,58404171.2467,58662146.0759,118756
2024-02-17T20:00:00,58650206.9775,58877781.2172,58506077.5413,58703783.2002,60257
2024-02-17T21:00:00,58731465.3417,58837271.1438,58693195.7349,58794226.1407,85533
2024-02-17T22:00:00,58798687.4553,59105396.0593,58737870.1382,59073204.4225,131223
2024-02-17T23:00:00,59058586.4537,59174893.9441,59051696.5407,59146145.3686,110266
2024-02-18T00:00:00,59148258.1634,59212922.4423,59045272.6032,59063533.3617,104241
2024-02-18T01:00:00,59060286.9723,59164908.1599,59010536.1495,59063732.5048,109124
2024-02-18T02:00:00,59129854.4197,59188363.4613,58818138.5910,58870328.5631,138416
2024-02-18T03:00:00,58832309.6088,58866407.6759,58701804.4355,58737729.8104,87091
2024-02-18T04:00:00,58720360.8347,59070590.6681,58697022.6879,58924578.9419,54005
2024-02-18T05:00:00,58857419.6247,58986673.1323,58752929.0601,58954883.3524,69909
2024-02-18T06:00:00,58988117.6421,59058732.8826,58790775.7329,58949966.3954,67350
2024-02-18T07:00:00,58933943.7309,59025191.8413,58761951.5049,58819115.4134,135028
2024-02-18T08:00:00,58845809.5481,58890600.5249,58806076.6872,58875313.6241,83489
2024-02-18T09:00:00,58894367.8463,59023869.1122,58822946.0907,58980632.8509,123074
2024-02-18T10:00:00,58989531.5029,59095185.2121,58796084.7043,58860578.0252,67334
2024-02-18T11:00:00,58908004.4199,58963251.0141,58748716.7538,58765597.4286,64069
2024-02-18T12:00:00,58759394.7933,58777126.3839,58579495.7824,58623434.7356,93405
2024-02-18T13:00:00,58612880.5580,58639230.9168,58374532.2464,58376914.4926,110400
2024-02-18T14:00:00,58394521.1439,58462606.5472,57960920.4228,58174636.5441,78340
2024-02-18T15:00:00,58206923.3372,58248884.1729,58074026.5710,58145849.3384,59221
2024-02-18T16:00:00,58165306.2723,58231788.0442,58066434.0873,58217905.5246,131270
2024-02-18T17:00:00,58245984.9819,58289588.7835,58056827.9202,58133924.3705,107527
2024-02-18T18:00:00,58157751.7146,58295066.6657,58157246.8888,58270689.4375,120624
2024-02-18T19:00:00,58243318.9816,58472158.1441,58212731.6998,58377164.7806,115168
2024-02-18T20:00:00,58356057.2839,58698513.1300,58265505.4693,58601144.8315,55762
2024-02-18T21:00:00,58640154.6031,58733522.7780,58566897.5962,58656338.0855,148736
2024-02-18T22:00:00,58638505.2282,58731678.0784,58582280.5448,58726393.7880,132969
2024-02-18T23:00:00,58681878.1213,58818779.4041,58547117.1391,58553992.1035,138184
2024-02-19T00:00:00,58561182.7021,58620079.2686,58234780.3024,58401876.3884,59757
2024-02-19T01:00:00,58423088.6198,58427454.6978,58294856.9010,58329262.6764,96425
2024-02-19T02:00:00,58323431.4677,58323887.4479,58259513.0486,58265594.9475,102233
2024-02-19T03:00:00,58195299.3425,58414567.3246,58080460.7249,58401588.8083,124204
2024-02-19T04:00:00,58488458.6738,58494951.7737,58226933.0161,58242464.4398,109973
2024-02-19T05:00:00,58269211.8672,58490410.7497,58053286.3563,58199244.6210,90846
2024-02-19T06:00:00,58180718.9089,58190411.4083,58132098.7201,58145138.3812,106486
2024-02-19T07:00:00,58150605.8308,58241953.9715,57955119.4534,57959665.6535,56008
2024-02-19T08:00:00,57988974.3352,58057933.1661,57933988.5738,57947097.9476,83236
2024-02-19T09:00:00,57976132.2886,58132519.4985,57974739.3394,58115673.2877,143574
2024-02-19T10:00:00,58103342.3041,58110107.2445,58056413.8148,58088099.9668,122391
2024-02-19T11:00:00,58057915.6147,58109439.1589,57935109.9305,57935303.2695,118062
2024-02-19T12:00:00,57986702.6839,58041451.0941,57904305.7525,58034005.9300,147077
2024-02-19T13:00:00,58041853.6555,58044174.4240,57847457.9452,57860112.2936,71761
2024-02-19T14:00:00,57846344.7150,57935390.3079,57673783.3583,57777427.1289,124621
2024-02-19T15:00:00,57785881.9568,58014512.7786,57785049.9196,57928212.9470,96648
2024-02-19T16:00:00,57886161.1651,58108556.7401,57708677.7166,58038369.1575,57510
2024-02-19T17:00:00,58070618.4396,58083661.7173,57842416.8106,57851537.3271,108139
2024-02-19T18:00:00,57862584.9721,57905300.4042,57823836.7815,57841851.0524,148180
2024-02-19T19:00:00,57766381.6505,57895405.3815,57626831.4072,57869966.6506,109895
2024-02-19T20:00:00,57857876.1000,57866081.6335,57679594.0838,57711743.2390,116425
2024-02-19T21:00:00,57764809.9290,57885807.3973,57668533.9662,57803307.2483,128117
2024-02-19T22:00:00,57815840.9106,57835580.7501,57445912.2588,57587870.4668,65177
2024-02-19T23:00:00,57584028.9338,57872724.1852,57487844.7552,57857470.1027,124504
2024-02-20T00:00:00,57883068.3720,58055493.8596,57864460.6266,58021614.0155,149029
2024-02-20T01:00:00,58039277.5921,58247085.0429,57994468.2021,58158048.1701,85409
2024-02-20T02:00:00,58162951.3495,58211323.1895,58130048.7952,58177301.3560,125118
2024-02-20T03:00:00,58217981.0337,58331808.9452,58172498.1909,58269989.2235,85195
2024-02-20T04:00:00,58216429.7948,58298456.8946,58087168.8105,58146608.3705,117114
2024-02-20T05:00:00,58119278.0046,58207150.3447,57928671.6177,58041888.1506,148472
2024-02-20T06:00:00,58024203.8767,58271268.0145,58021930.6426,58206486.2148,72974
2024-02-20T07:00:00,58184865.1072,58190416.7824,58010786.6854,58106973.6716,138892
2024-02-20T08:00:00,58022625.1398,58086651.1016,57793328.5328,57895169.8546,142916
2024-02-20T09:00:00,57929622.2862,57985407.0215,57882256.6449,57888759.4860,72437
2024-02-20T10:00:00,57854079.4565,57965278.8481,57756791.7715,57828899.7400,147637
2024-02-20T11:00:00,57872961.6266,57905637.2599,57833220.4195,57847659.3509,62756
2024-02-20T12:00:00,57814322.4471,57820561.7563,57619518.7701,57636382.1999,96976
2024-02-20T13:00:00,57667122.2040,57784882.0447,57584574.4451,57592961.2364,88676
2024-02-20T14:00:00,57594222.8505,57881570.1302,57565721.0780,57803943.8347,59779
2024-02-20T15:00:00,57799477.3954,58021291.6188,57759435.8771,57898169.2755,73151
2024-02-20T16:00:00,57914505.4344,58034624.2634,57745355.5959,57980650.4468,139745
2024-02-20T17:00:00,57975487.8288,58035166.9912,57737029.5940,57801973.8232,77472
2024-02-20T18:00:00,57812768.1553,57870295.6821,57642146.1503,57728094.2387,80940
2024-02-20T19:00:00,57751074.1710,57813599.8056,57719012.4704,57761201.8781,131628
2024-02-20T20:00:00,57741110.2256,57883064.7676,57698564.3994,57771632.7665,148653
2024-02-20T21:00:00,57748704.4698,57830414.7473,57688114.3197,57811655.1210,63571
2024-02-20T22:00:00,57789709.2351,57825745.1214,57618113.2502,57624960.3382,104852
2024-02-20T23:00:00,57625757.0602,57748559.9287,57583322.6001,57690175.2348,60714
2024-02-21T00:00:00,57638468.2659,57760752.7829,57580815.6404,57647938.0172,129078
2024-02-21T01:00:00,57695468.0953,57788301.4420,57600441.9644,57652377.8984,66611
2024-02-21T02:00:00,57667179.5517,57792482.5064,57646330.3513,57787700.4957,134413
2024-02-21T03:00:00,57754118.4867,57866599.0456,57597306.9262,57672524.7284,71477
2024-02-21T04:00:00,57681928.0649,57931325.8559,57597620.7625,57873108.3456,77884
2024-02-21T05:00:00,57855327.4538,58262391.4700,57834976.7967,58110489.0997,147212
2024-02-21T06:00:00,58149395.7730,58306766.2829,58037908.1074,58267490.2166,107802
2024-02-21T07:00:00,58314105.8663,58358774.3932,58010466.3639,58020729.0399,51588
2024-02-21T08:00:00,58014703.0056,58045805.8713,57913741.6826,57933655.2761,104323
2024-02-21T09:00:00,57983543.6245,58042688.5039,57969536.9566,58007724.5918,72532
2024-02-21T10:00:00,57994515.0253,58219907.9302,57960030.7664,58169322.2084,57506
2024-02-21T11:00:00,58192255.3022,58237833.6943,58064262.4638,58089544.6347,116641
2024-02-21T12:00:00,57983660.6899,58218407.9574,57819729.6162,58213842.3913,140356
2024-02-21T13:00:00,58218560.5191,58278090.8848,58008469.8340,58059655.9548,133764
2024-02-21T14:00:00,58084289.1561,58159000.1608,58057992.0130,58101131.7203,129065
2024-02-21T15:00:00,58171894.8870,58207803.7635,58118037.0345,58130174.4664,80960
2024-02-21T16:00:00,58081040.6459,58200711.7131,58054610.8091,58121941.2194,83459
2024-02-21T17:00:00,58131574.4237,58171692.5311,58038400.3132,58132745.9598,94982
2024-02-21T18:00:00,58115194.4766,58236923.6574,58022864.4732,58136895.9313,82969
2024-02-21T19:00:00,58099744.9573,58176673.0591,57873315.3697,57922834.2353,84751
2024-02-21T20:00:00,57921566.1965,57923946.6236,57808856.8460,57828684.4156,55047
2024-02-21T21:00:00,57774814.1908,57961482.7560,57754647.2596,57877541.9482,148219
2024-02-21T22:00:00,57941176.0490,57956279.9266,57889618.2278,57910771.6391,66406
2024-02-21T23:00:00,57884078.5997,57948419.6527,57775319.9556,57782073.7867,74975
2024-02-22T00:00:00,57784076.8328,58048804.7701,57782186.6509,58022269.5575,143475
2024-02-22T01:00:00,57953972.4271,58278744.9098,57948645.6690,58275267.2319,96372
2024-02-22T02:00:00,58327104.3482,58701913.0704,58278315.5287,58574610.8964,144543
2024-02-22T03:00:00,58569949.2957,58574524.1749,58488276.5481,58524024.4076,103037
2024-02-22T04:00:00,58535300.7755,58619249.7540,58415786.4152,58487040.3118,75970
2024-02-22T05:00:00,58494380.9875,58574643.9572,58410102.1617,58549253.1599,89893
2024-02-22T06:00:00,58565657.2276,58713308.8712,58553709.8204,58630050.9859,149839
2024-02-22T07:00:00,58634424.9665,58802697.0904,58346947.0614,58420786.0447,139485
2024-02-22T08:00:00,58460949.8972,58559783.1509,58407710.1274,58487128.5644,148373
2024-02-22T09:00:00,58489561.6170,58519663.9954,58329441.4433,58435125.3225,127394
2024-02-22T10:00:00,58453792.1569,58596430.2694,58379317.0808,58456429.5861,142620
2024-02-22T11:00:00,58498081.6222,58667998.5934,58444580.3373,58667094.0168,93340
2024-02-22T12:00:00,58633997.9931,58792914.5876,58473237.6615,58747718.2077,124086
2024-02-22T13:00:00,58817534.9353,58830677.5469,58781779.5364,58801438.4225,108268
2024-02-22T14:00:00,58767068.5106,58817939.2021,58677036.5770,58691024.8252,135381
2024-02-22T15:00:00,58680693.3755,58747675.8342,58678834.0325,58712290.1031,58480
2024-02-22T16:00:00,58742043.8634,58750122.9535,58691003.8619,58705502.8228,124527
2024-02-22T17:00:00,58696145.5914,58828399.9870,58693169.1917,58783242.8612,94213
2024-02-22T18:00:00,58746530.4137,58770162.8762,58676587.8590,58755125.7660,72995
2024-02-22T19:00:00,58754600.0234,58766429.1875,58749582.4479,58758214.0219,82412
2024-02-22T20:00:00,58752196.2176,58985633.9555,58714633.5387,58913073.6899,74250
2024-02-22T21:00:00,58901416.7806,59182913.5022,58822827.0054,59094334.1594,103693
2024-02-22T22:00:00,59082840.4310,59207421.5543,59020899.7786,59039560.8560,79222
2024-02-22T23:00:00,59033886.8566,59098907.0550,58954515.0568,59001546.9937,110477
2024-02-23T00:00:00,58963341.6133,58982260.6042,58924367.7524,58968765.2995,109992
2024-02-23T01:00:00,58944654.9152,58949096.7983,58816762.1942,58887174.9927,88376
2024-02-23T02:00:00,58880312.4479,58975562.2374,58705472.6916,58732246.3958,104949
2024-02-23T03:00:00,58711115.4202,58885644.2989,58700140.7099,58787177.9342,53940
2024-02-23T04:00:00,58769561.0072,58809307.3254,58610345.1602,58703731.4020,92597
2024-02-23T05:00:00,58732225.6690,58783651.8874,58567316.9706,58592055.3603,69769
2024-02-23T06:00:00,58576575.6472,58699953.9955,58359928.8686,58438755.2437,121306
2024-02-23T07:00:00,58431289.4326,58437944.5819,58237593.7958,58277016.9558,140090
2024-02-23T08:00:00,58308108.1595,58390745.6938,58278803.1949,58313558.6495,50160
2024-02-23T09:00:00,58357478.2419,58479500.1827,58295432.2296,58401778.5951,69389
2024-02-23T10:00:00,58404045.1036,58468429.5271,58308276.6987,58311924.7139,110089
2024-02-23T11:00:00,58327484.7297,58489873.6342,58204404.1497,58450580.5433,75334
2024-02-23T12:00:00,58441900.7015,58632484.4338,58430842.2324,58613338.7257,69238
2024-02-23T13:00:00,58630396.8257,58703254.8583,58566697.5664,58644685.0699,121939
2024-02-23T14:00:00,58666537.8303,58884409.9048,58655507.5518,58837633.8988,137905
2024-02-23T15:00:00,58794785.2250,58838742.5503,58573282.5507,58671653.2675,71566
2024-02-23T16:00:00,58640702.2767,58728292.2196,58507362.5597,58527494.7084,107043
2024-02-23T17:00:00,58542762.9429,58586750.4270,58385447.5445,58386685.8062,126248
2024-02-23T18:00:00,58413469.3236,58492589.9416,58096873.0486,58345672.4359,139723
2024-02-23T19:00:00,58333281.2019,58480905.0801,58326648.3040,58470503.4048,142829
2024-02-23T20:00:00,58447125.2762,58447979.9419,58301309.6583,58326380.8511,131290
2024-02-23T21:00:00,58342958.5359,58510768.2791,58304267.3795,58422221.6826,52020
2024-02-23T22:00:00,58413619.3660,58581799.4992,58296033.2880,58526151.0290,124954
2024-02-23T23:00:00,58519618.2433,58570639.4041,58490541.2932,58501798.6212,73299
2024-02-24T00:00:00,58480862.4260,58652962.2884,58453267.0422,58539273.2532,60755
2024-02-24T01:00:00,58529173.1891,58601221.0815,58291855.9257,58330478.6683,145935
2024-02-24T02:00:00,58358979.0208,58381586.8841,58298275.7998,58339675.8983,119944
2024-02-24T03:00:00,58367166.9882,58478469.5065,58262729.2307,58420999.8938,63016
2024-02-24T04:00:00,58402529.0596,58483665.8068,58344135.1309,58467837.4534,95763
2024-02-24T05:00:00,58454589.7736,58480028.6000,58448622.1935,58466679.2506,104871
2024-02-24T06:00:00,58530808.5404,58587157.9267,58511839.2140,58551951.5716,110240
2024-02-24T07:00:00,58530968.1552,58628211.7961,58399114.0876,58451686.2286,147976
2024-02-24T08:00:00,58481267.8221,58625542.4557,58470744.2057,58479298.4439,126539
2024-02-24T09:00:00,58488231.3792,58650644.7098,58472243.6319,58608023.1165,127356
2024-02-24T10:00:00,58638292.1442,58732244.0319,58507000.9502,58520660.2538,83452
2024-02-24T11:00:00,58467806.8057,58514924.9614,58404127.0248,58428891.9511,59395
2024-02-24T12:00:00,58394565.5318,58430439.0116,58238879.9289,58265018.2680,108345
2024-02-24T13:00:00,58200539.7089,58219732.2377,57988780.3314,58119122.8776,50657
2024-02-24T14:00:00,58083779.9592,58107392.1312,57917399.4603,58001305.1855,67136
2024-02-24T15:00:00,58021533.2819,58057171.3838,57864655.9783,57894820.0417,143806
2024-02-24T16:00:00,57877771.0239,57895299.5162,57831748.9310,57844968.5730,76671
2024-02-24T17:00:00,57846241.4998,58028986.1777,57791767.5547,57998304.8896,78291
2024-02-24T18:00:00,57945832.0230,58083177.3741,57921866.6222,57980133.5686,96711
2024-02-24T19:00:00,57982697.9125,58127349.2354,57964116.1812,58083638.9636,137532
2024-02-24T20:00:00,58022315.6932,58064989.7801,57997776.2859,58029099.4387,85785
2024-02-24T21:00:00,57995476.7323,58184761.5529,57963738.9054,58078965.9692,114901
2024-02-24T22:00:00,58070548.5099,58078946.9623,58004671.9104,58043943.5502,50416
2024-02-24T23:00:00,58071348.7571,58170265.3262,58060612.4552,58073747.6049,79515
2024-02-25T00:00:00,58088716.2473,58105265.4679,57914363.6997,57918957.2282,77364
2024-02-25T01:00:00,57891054.1681,58001749.6933,57885362.9479,57979548.7038,106050
2024-02-25T02:00:00,57940704.1739,58153624.9169,57907201.9848,58139139.3227,83834
2024-02-25T03:00:00,58164562.1110,58259693.0785,58127765.8759,58195887.0025,148305
2024-02-25T04:00:00,58224627.7921,58328041.5908,58206862.2684,58292601.5955,104363
2024-02-25T05:00:00,58283497.9784,58452025.8433,58234273.0673,58408874.7989,129453
2024-02-25T06:00:00,58447995.7385,58497168.8448,58420070.3445,58489040.8532,120854
2024-02-25T07:00:00,58504372.0571,58614994.5906,58496385.9702,58594099.1366,59031
2024-02-25T08:00:00,58572828.8212,58631003.2600,58320729.3435,58400121.2297,134479
2024-02-25T09:00:00,58436932.5337,58468718.2364,58353993.1777,58358222.0200,56918
2024-02-25T10:00:00,58441166.7605,58463841.1155,58175715.0013,58334439.7711,80232
2024-02-25T11:00:00,58320433.8089,58501335.2927,58282357.4961,58493605.1004,85808
2024-02-25T12:00:00,58488642.3683,58547372.5421,58248189.9000,58292547.9781,87607
2024-02-25T13:00:00,58302688.8404,58439486.3511,58288230.0405,58412720.6431,82567
2024-02-25T14:00:00,58392780.2478,58472533.7554,58199911.7330,58245973.1890,127027
2024-02-25T15:00:00,58235297.5761,58300517.1164,58174995.0431,58222905.5741,66934
2024-02-25T16:00:00,58197370.6940,58230959.6136,58118840.4616,58137171.8347,68256
2024-02-25T17:00:00,58148532.6998,58333464.6363,58077580.4108,58191718.8303,80981
2024-02-25T18:00:00,58177592.0328,58294199.7833,58039355.6170,58049149.1444,106571
2024-02-25T19:00:00,58016678.6466,58118744.6305,57977846.7100,58013902.9702,129094
2024-02-25T20:00:00,57944754.0105,57968320.7136,57629646.6606,57669192.0756,82750
2024-02-25T21:00:00,57668308.4072,57841503.1676,57607203.8938,57790254.1492,69269
2024-02-25T22:00:00,57816297.9103,57892842.9666,57727985.0058,57870828.2841,110798
2024-02-25T23:00:00,57812811.1200,57834294.7984,57710457.5267,57750928.1801,98566
2024-02-26T00:00:00,57769945.1997,57793404.3325,57709136.3850,57746541.7468,127903
2024-02-26T01:00:00,57741653.6922,57873436.4365,57739571.3883,57783535.4278,95074
2024-02-26T02:00:00,57791157.2949,58092725.1272,57712651.2868,58070688.6616,143613
2024-02-26T03:00:00,58026680.5530,58029776.2549,57885349.1679,57941359.5022,143850
2024-02-26T04:00:00,57834447.3403,57933197.8523,57834242.6919,57931799.6875,66685
2024-02-26T05:00:00,57946032.2628,57950962.3349,57825183.3850,57904326.3690,61237
2024-02-26T06:00:00,57903127.0679,57925509.4150,57680456.1877,57807570.4573,119319
2024-02-26T07:00:00,57754103.1062,57867834.9694,57751679.6335,57806951.2901,81250
2024-02-26T08:00:00,57812730.7352,57967083.4443,57731231.8188,57860552.2943,81022
2024-02-26T09:00:00,57892281.0911,57986845.6214,57798797.9634,57865703.3199,125115
2024-02-26T10:00:00,57919348.5046,58089760.5361,57679596.7241,57792588.1532,144085
2024-02-26T11:00:00,57746450.7258,57935748.0076,57730018.1825,57854904.8300,144795
2024-02-26T12:00:00,57919824.6012,58140348.1210,57895875.0714,58088793.7376,99094
2024-02-26T13:00:00,58096632.1944,58140098.7125,57891942.5408,57987118.5124,75877
2024-02-26T14:00:00,58006389.0431,58022176.3413,57938464.5326,57984901.3479,65858
2024-02-26T15:00:00,57963538.7144,58053825.1854,57685976.0691,57723485.6476,52783
2024-02-26T16:00:00,57693381.2089,57843458.1367,57688601.4221,57767727.3950,50093
2024-02-26T17:00:00,57776704.3121,58049413.0426,57635583.6311,57933644.2191,144531
2024-02-26T18:00:00,57902699.1335,57910051.2348,57691547.2325,57703029.3488,57830
2024-02-26T19:00:00,57716880.2460,57828735.7321,57693088.2556,57806263.7638,110367
2024-02-26T20:00:00,57851782.7246,57857587.6688,57589741.7439,57661920.7559,148437
2024-02-26T21:00:00,57663237.6866,57808400.9145,57589710.1258,57627974.8100,130504
2024-02-26T22:00:00,57591174.6416,57675121.4560,57450036.8574,57644396.5410,119733
2024-02-26T23:00:00,57597012.9812,57913919.9739,57559358.0245,57851793.3351,104937
2024-02-27T00:00:00,57855109.6270,57974205.6286,57830297.7661,57946490.0203,64927
2024-02-27T01:00:00,57886265.8555,57989211.7508,57852187.5025,57964499.2948,126662
2024-02-27T02:00:00,57947398.3278,57951468.5902,57655364.7434,57815514.5160,77434
2024-02-27T03:00:00,57834837.3222,58005972.9367,57743121.0893,57960795.4893,148584
2024-02-27T04:00:00,57941709.3095,58031017.6327,57724968.1902,57771344.7650,138332
2024-02-27T05:00:00,57852405.3041,57921881.4004,57704451.9080,57722183.2942,71007
2024-02-27T06:00:00,57669490.6339,57731087.7559,57631269.9321,57726419.1305,70885
2024-02-27T07:00:00,57732217.0390,57826184.3882,57511851.2402,57529976.6818,80570
2024-02-27T08:00:00,57595124.7124,57674851.1294,57577889.9904,57628188.9497,70178
2024-02-27T09:00:00,57661465.2224,57827694.8032,57561249.3558,57769964.5733,74408
2024-02-27T10:00:00,57793065.9486,57832627.8824,57608673.3423,57640150.5313,105405
2024-02-27T11:00:00,57564240.8017,57568355.3852,57504645.1736,57524051.7838,82086
2024-02-27T12:00:00,57555736.3618,57600131.5025,57434304.6501,57533404.2417,78763
2024-02-27T13:00:00,57546718.1916,57563160.2851,57438738.8305,57497460.9437,79786
2024-02-27T14:00:00,57542959.7529,57689245.0766,57491135.5415,57543532.5720,114034
2024-02-27T15:00:00,57526058.8513,57537486.3681,57414712.9926,57419417.0909,121976
2024-02-27T16:00:00,57446003.7875,57467145.5055,57168004.8814,57198683.8910,130297
2024-02-27T17:00:00,57245346.6449,57310397.2284,57140607.3685,57264265.2830,128533
2024-02-27T18:00:00,57245275.8589,57401380.8108,57154503.2136,57367065.7497,120756
2024-02-27T19:00:00,57364969.4656,57500346.1123,57284982.4932,57483276.7004,65364
2024-02-27T20:00:00,57481503.2281,57708356.7536,57442743.4074,57488042.4150,75394
2024-02-27T21:00:00,57439649.7689,57477408.3556,56983943.7691,57167784.7194,118287
2024-02-27T22:00:00,57096212.8295,57454218.5141,57083463.1594,57312083.4916,77289
2024-02-27T23:00:00,57277916.6997,57296743.9004,57147810.6028,57161471.9347,111748
2024-02-28T00:00:00,57165874.6194,57462546.6893,57092037.9716,57443793.4097,142987
2024-02-28T01:00:00,57434817.0021,57574767.3516,57341193.0576,57529955.6183,147700
2024-02-28T02:00:00,57503824.5151,57638007.5828,57286470.8637,57413763.0036,138377
2024-02-28T03:00:00,57431735.3320,57561216.1323,57358173.9116,57485595.5139,60890
2024-02-28T04:00:00,57511865.1776,57534346.7209,57434393.8534,57511449.4893,124184
2024-02-28T05:00:00,57515469.2861,57567641.4605,57437131.2470,57504064.3482,96872
2024-02-28T06:00:00,57445831.4704,57581041.1217,57373064.0236,57501012.3764,74405
2024-02-28T07:00:00,57558333.6849,57573603.9507,57221111.9416,57326741.0209,118462
2024-02-28T08:00:00,57258209.2915,57363089.9935,57065727.7576,57129052.4777,56136
2024-02-28T09:00:00,57134696.9014,57137266.0682,56962909.5075,57036788.9896,72870
2024-02-28T10:00:00,56986368.3698,57074723.0362,56789854.3323,56793401.9442,69697
2024-02-28T11:00:00,56743378.9291,56921147.2932,56623227.5243,56859267.2888,89326
2024-02-28T12:00:00,56881111.0108,56928127.3907,56777465.5220,56791822.2121,86162
2024-02-28T13:00:00,56833509.0836,56856782.3083,56711352.4409,56768255.5270,116870
2024-02-28T14:00:00,56765306.2620,56939331.1253,56648680.9715,56790714.8031,118277
2024-02-28T15:00:00,56815522.7638,56847300.9134,56478681.2106,56516875.7346,145675
2024-02-28T16:00:00,56535066.1116,56569372.7557,56373514.2512,56466213.1739,114717
2024-02-28T17:00:00,56500680.9699,56504429.4214,56241323.3103,56399217.4939,128878
2024-02-28T18:00:00,56382607.8428,56456621.3266,56037994.1268,56155132.7652,147830
2024-02-28T19:00:00,56177039.7604,56209066.5940,55964615.8647,56020772.9927,91011
2024-02-28T20:00:00,56067638.4936,56284021.2189,56013011.1100,56165623.1143,119610
2024-02-28T21:00:00,56170136.6700,56179981.7714,56041626.5523,56066541.3944,141159
2024-02-28T22:00:00,56064425.1096,56106746.0038,55992651.7654,55997816.2361,111322
2024-02-28T23:00:00,55965799.6723,56071404.7520,55887383.3401,56034080.9366,100707
2024-02-29T00:00:00,55996146.2423,56301567.0111,55939584.2233,56140960.3438,144897
2024-02-29T01:00:00,56140600.9188,56241187.2193,56037754.0287,56061940.0974,125711
2024-02-29T02:00:00,56020370.8092,56066914.8936,55918377.2055,55984831.9255,69618
2024-02-29T03:00:00,56045065.4540,56113009.2194,55942834.9330,55979664.2027,74469
2024-02-29T04:00:00,55978488.0325,56081216.0252,55729541.9009,55760601.0464,101481
2024-02-29T05:00:00,55767862.7702,55860547.3254,55513507.3714,55608151.6850,92060
2024-02-29T06:00:00,55621714.9129,55849967.2802,55615578.2396,55688239.7118,109149
2024-02-29T07:00:00,55775812.7707,55875717.1049,55653478.4740,55668388.4294,142256
2024-02-29T08:00:00,55646399.2796,55750221.2066,55454906.6591,55492878.4617,51263
2024-02-29T09:00:00,55506261.0222,55580359.8775,55496283.3097,55562986.8621,58117
2024-02-29T10:00:00,55585646.7180,55754329.2973,55554562.5242,55696242.3211,113898
2024-02-29T11:00:00,55666472.5850,55929278.2292,55627372.5497,55884175.6711,134390
2024-02-29T12:00:00,55861146.7469,55912970.2043,55625694.5877,55626514.9965,79513
2024-02-29T13:00:00,55631744.8496,55862019.1155,55599014.6412,55798325.8314,80964
2024-02-29T14:00:00,55870064.7405,55955998.1609,55772473.5548,55919022.5633,148264
2024-02-29T15:00:00,55961451.4977,56324493.9702,55904050.5349,56269780.4661,69135
2024-02-29T16:00:00,56295586.4665,56389714.5240,56120784.1942,56142368.7606,142518
2024-02-29T17:00:00,56175590.1285,56189415.3505,56143995.1571,56178294.7833,64961
2024-02-29T18:00:00,56162471.8178,56168366.2636,55998239.8259,56004555.1363,123357
2024-02-29T19:00:00,56021266.4192,56223135.9858,56008918.3600,56160755.3601,128263
2024-02-29T20:00:00,56169154.5916,56219843.5950,56134913.0827,56154240.3571,108537
2024-02-29T21:00:00,56140782.3921,56179593.6954,56055758.1264,56141063.4269,133399
2024-02-29T22:00:00,56115971.6279,56194645.1347,56024908.3444,56074428.0863,90954
2024-02-29T23:00:00,56107159.9002,56145149.0896,56004602.4344,56015034.7506,51596
2024-03-01T00:00:00,56023005.6625,56177446.9337,56015085.1118,56163836.9161,113568
2024-03-01T01:00:00,56173351.0199,56249552.6792,55999563.2505,56133702.1439,76496
2024-03-01T02:00:00,56111426.8186,56163249.6517,55899531.5977,55945636.9144,133909
2024-03-01T03:00:00,55979237.4644,56045784.5746,55973717.2193,55995312.3330,70472
2024-03-01T04:00:00,56006495.2425,56250791.7375,56002033.0284,56223857.1388,80365
2024-03-01T05:00:00,56205898.8583,56223184.1998,55833265.5718,55907261.2999,53522
2024-03-01T06:00:00,55905161.2675,55920616.4556,55832184.6987,55849160.2845,116028
2024-03-01T07:00:00,55876778.7891,55953738.9794,55873488.3319,55937347.4104,61119
2024-03-01T08:00:00,55961047.0902,56058353.9821,55953622.8676,56039960.6348,112553
2024-03-01T09:00:00,55991009.0849,56008239.8308,55847601.6559,55860805.2164,148791
2024-03-01T10:00:00,55863766.2203,55884690.3181,55736863.6044,55780342.4390,147664
2024-03-01T11:00:00,55752538.7736,55893059.8468,55719567.2134,55848840.2186,63864
2024-03-01T12:00:00,55793476.5775,55924890.9000,55781071.2279,55871406.9602,109937
2024-03-01T13:00:00,55896709.5157,55963674.9379,55570475.0779,55704752.7068,141444
2024-03-01T14:00:00,55694468.3790,55854547.6568,55681654.4693,55781080.6484,107681
2024-03-01T15:00:00,55828102.9739,55874178.1964,55609831.4107,55637251.8135,140258
2024-03-01T16:00:00,55609107.2048,55638183.1111,55490281.8549,55501954.9800,128700
2024-03-01T17:00:00,55535803.0637,55564125.5490,55492610.7540,55508996.3600,84717
2024-03-01T18:00:00,55474236.7817,55475592.4892,55322702.2109,55389359.7093,55545
2024-03-01T19:00:00,55410810.5015,55556251.9860,55404734.4677,55505744.2781,86343
2024-03-01T20:00:00,55528157.2307,55724235.5642,55510708.2582,55640395.7716,70674
2024-03-01T21:00:00,55661325.3781,55687174.0623,55577522.7031,55577864.5004,132795
2024-03-01T22:00:00,55575450.5744,55622506.1309,55451482.1219,55495421.7329,132448
2024-03-01T23:00:00,55493360.9599,55531439.9102,55374486.2126,55398562.5157,113706
2024-03-02T00:00:00,55415340.8500,55417384.1809,55296041.8851,55372675.6595,131347
2024-03-02T01:00:00,55364893.3167,55408525.4232,55341004.0719,55345160.2106,103036
2024-03-02T02:00:00,55392362.4880,55438417.6426,55175756.7814,55188321.0370,94878
2024-03-02T03:00:00,55207633.0324,55324951.6796,55172985.6153,55275322.2377,116757
2024-03-02T04:00:00,55303050.5564,55347600.6336,55255811.5461,55344454.1140,145464
2024-03-02T05:00:00,55379988.6627,55541312.4737,55358206.4654,55485101.4202,121553
2024-03-02T06:00:00,55504471.2226,55612530.2410,55404976.9773,55550239.1573,92271
2024-03-02T07:00:00,55512476.7816,55561763.4946,55390998.2831,55444242.9016,69333
2024-03-02T08:00:00,55459491.0455,55701006.3636,55443270.4187,55590796.1935,62169
2024-03-02T09:00:00,55619898.1949,55764356.0443,55573670.7357,55729976.0011,135251
2024-03-02T10:00:00,55727006.2462,55801334.9919,55709155.8571,55726182.8440,60823
2024-03-02T11:00:00,55709121.5331,55999281.6273,55630826.6224,55924679.1517,126983
2024-03-02T12:00:00,55875433.0199,55932447.6670,55553633.8838,55576078.3215,57314
2024-03-02T13:00:00,55553524.5319,55649144.4367,55503437.0522,55638162.8247,86116
2024-03-02T14:00:00,55637770.4814,55669371.7702,55574206.0666,55657532.1044,133552
2024-03-02T15:00:00,55646193.4030,55730938.2853,55591120.8127,55711890.8241,72257
2024-03-02T16:00:00,55735021.6437,55806573.1621,55724252.8036,55775735.4070,65704
2024-03-02T17:00:00,55775317.6371,55825073.4483,55686519.7150,55801365.1666,147776
2024-03-02T18:00:00,55799517.1532,55887054.8571,55745254.0272,55865442.6706,146131
2024-03-02T19:00:00,55850760.5164,55948892.1791,55776225.3122,55881471.1370,57849
2024-03-02T20:00:00,55877870.8560,56019159.7250,55845560.3431,55986330.2522,71723
2024-03-02T21:00:00,55971585.1603,56054616.4460,55894329.1252,55926253.6676,148713
2024-03-02T22:00:00,55969520.2719,56161731.6626,55948213.5472,56135659.5497,86490
2024-03-02T23:00:00,56182300.8539,56269206.7729,55923474.4726,55986592.6110,127216
2024-03-03T00:00:00,55960227.4077,56129450.0482,55953888.0056,56119448.7658,132279
2024-03-03T01:00:00,56130680.1380,56203149.8578,56091229.9010,56161340.2587,107762
2024-03-03T02:00:00,56141884.7156,56224715.4950,56130006.5391,56172331.6845,131197
2024-03-03T03:00:00,56147673.7128,56390925.8070,56072672.8161,56317981.6330,79057
2024-03-03T04:00:00,56278038.1331,56285032.7865,56177932.4658,56215771.5040,131245
2024-03-03T05:00:00,56236088.3708,56305721.1293,56093510.6192,56093808.9859,99571
2024-03-03T06:00:00,56061068.9124,56088410.7534,55889739.4436,55905942.4053,82294
2024-03-03T07:00:00,55871336.9669,56065914.3764,55855211.6150,56065188.3816,68757
2024-03-03T08:00:00,56050030.8242,56074232.4754,56016162.8275,56040922.9760,85976
2024-03-03T09:00:00,56036284.4075,56187482.3098,56023870.3995,56133612.2298,140091
2024-03-03T10:00:00,56090167.6254,56149202.9967,55960353.4226,56114642.0042,93136
2024-03-03T11:00:00,56116895.2316,56139913.4641,55998345.6893,56124018.6108,56130
